,strand,align_position,score,species_y,raw_position,motif?,raw_seq,before_seq,after_seq
0,negative,23,3.3556277751922607,VT4291|0|MEMB002A|-|493,20,no,GTTAAA,TATAGC,ATAATC
1,negative,23,0.10770019143819808,VT4291|0|MEMB002B|-|482,11,no,GTTAAG,TATAGC,ATAATC
2,negative,23,0.10770019143819808,VT4291|0|MEMB002C|+|487,14,no,GTTAAG,TATAGC,ATAATC
3,negative,23,3.3556277751922607,VT4291|0|MEMB002D|-|535,14,no,GTTAAA,TACAGC,ATAATC
4,negative,23,3.3556277751922607,VT4291|0|MEMB002E|+|686,20,no,GTTAAA,TACAGC,ATAATC
5,negative,23,3.3556277751922607,VT4291|0|MEMB002F|+|702,11,no,GTTAAA,TACAGC,ATAATC
6,negative,23,1.1077002286911009,VT4291|0|MEMB003A|-|479,14,no,GATCAA,ATTAGC,ATAATC
7,negative,23,3.3556277751922607,VT4291|0|MEMB003B|+|680,20,no,GTTAAA,TACAGC,ATAATC
8,negative,23,3.3556277751922607,VT4291|0|MEMB003C|+|493,20,no,GTTAAA,TATAGT,ATAATC
9,negative,23,1.1077002286911009,VT4291|0|MEMB003D|+|538,14,no,GATCAA,ATTAGC,ATAATC
10,negative,23,3.3556277751922607,VT4291|0|MEMB003F|-|607,14,no,GTTAAA,TACAGC,ATAATC
11,negative,23,0.10770019143819808,VT4291|0|MEMB004A|+|482,11,no,GTTAAG,TATAGC,ATAATC
12,negative,23,3.3556277751922607,VT4291|0|MEMB004B|+|474,14,no,GTTAAA,TACAGA,ATAATC
13,negative,23,0.10770019143819808,VT4291|0|MEMB004E|+|478,14,no,GTTAAG,TACAGC,ATAATC
14,negative,23,3.3556277751922607,VT4291|0|MEMB005B|-|480,20,no,GTTAAA,TACAGC,ATAATC
15,negative,23,3.3556277751922607,VT4291|0|MEMB005D|+|630,20,no,GTTAAA,TACAGA,ATAATC
16,negative,23,3.3556277751922607,VT4291|0|MEMB006A|-|633,20,no,GTTAAA,TACAGC,ATAATC
17,negative,23,0.10770019143819808,VT4291|0|MEMB006B|+|665,20,no,GTTGAA,TACAGA,ATAATC
18,negative,23,3.3556277751922607,VT4291|0|MEMB006C|+|480,14,no,GTTAAA,TACAGC,ATAATC
19,negative,23,3.3556277751922607,VT4291|0|MEMB007B|+|479,17,no,GTTAAA,TATAGC,ATAATC
20,negative,23,3.3556277751922607,VT4291|0|MEMB007C|+|441,11,no,GTTAAA,TACAGC,ATAATC
21,negative,23,3.3556277751922607,VT4291|0|MEMB007D|-|540,12,no,GTTAAA,AAAAAG,ATAATC
22,negative,23,3.3556277751922607,VT4291|0|MEMB008C|+|482,17,no,GTTAAA,TCGTTT,ATAATC
23,negative,23,3.3556277751922607,VT4291|0|dkik|+|479,14,no,GATAAA,ATTAGC,ATAATC
24,positive,25,4.317153453826903,VT4291|0|MEMB002A|-|493,22,no,TAACGA,tATATT,TTATGC
25,positive,25,4.317153453826903,VT4291|0|MEMB002B|-|482,13,no,TAACGA,TATACT,TTATGC
26,positive,25,4.317153453826903,VT4291|0|MEMB002C|+|487,16,no,TAACGA,tATACT,TTATGC
27,positive,25,4.317153453826903,VT4291|0|MEMB002D|-|535,16,no,TAACGA,tgTATT,TTATGC
28,positive,25,4.317153453826903,VT4291|0|MEMB002E|+|686,22,no,taacGA,tgtatt,TTATGC
29,positive,25,4.317153453826903,VT4291|0|MEMB002F|+|702,13,no,TAACGA,TGTATT,TTATGC
30,positive,25,3.2557530403137207,VT4291|0|MEMB003A|-|479,16,no,GATCGA,TAATTT,TTATGC
31,positive,25,4.317153453826903,VT4291|0|MEMB003B|+|680,22,no,taacGA,tgtatt,TTATGC
32,positive,25,4.317153453826903,VT4291|0|MEMB003C|+|493,22,no,TAACGA,tATATT,TTATGC
33,positive,25,3.2557530403137207,VT4291|0|MEMB003D|+|538,16,no,GATCGA,TAATTT,TTATGC
34,positive,25,4.317153453826903,VT4291|0|MEMB003F|-|607,16,no,TAACGA,tgTATT,TTATGC
35,positive,25,4.317153453826903,VT4291|0|MEMB004A|+|482,13,no,TAACGA,TATACT,TTATGC
36,positive,25,4.317153453826903,VT4291|0|MEMB004B|+|474,16,no,TAACGA,TGTATT,TTATGC
37,positive,25,4.317153453826903,VT4291|0|MEMB004E|+|478,16,no,TAACGA,tgTACT,TTATGC
38,positive,25,4.317153453826903,VT4291|0|MEMB005B|-|480,22,no,TAACGA,tgTATT,TTATGC
39,positive,25,4.317153453826903,VT4291|0|MEMB005D|+|630,22,no,TAACGA,tgTATT,TTATGC
40,positive,25,4.317153453826903,VT4291|0|MEMB006A|-|633,22,no,TAACGA,tgTATT,TTATGC
41,positive,25,1.902116060256958,VT4291|0|MEMB006B|+|665,22,no,CAACGA,TGTATT,TTATGC
42,positive,25,4.317153453826903,VT4291|0|MEMB006C|+|480,16,no,TAACGA,tgTATT,TTATGC
43,positive,25,4.317153453826903,VT4291|0|MEMB007B|+|479,19,no,TAACGA,tATATT,TTATGC
44,positive,25,4.317153453826903,VT4291|0|MEMB007C|+|441,13,no,TAACGA,TGTATT,TTATGC
45,positive,25,4.317153453826903,VT4291|0|MEMB007D|-|540,14,no,TAACGA,TTTTTT,TTATGC
46,positive,25,4.317153453826903,VT4291|0|MEMB008C|+|482,19,no,TAACGA,ACGATT,TTATGC
47,positive,25,3.3171534538269043,VT4291|0|dkik|+|479,16,no,TATCGA,TAATTT,TTATGC
48,negative,67,3.3556277751922607,VT4291|0|MEMB002A|-|493,63,no,ATTAAA,CACCAA,ACGTAC
49,negative,67,3.3556277751922607,VT4291|0|MEMB002B|-|482,54,no,ATTAAA,CACCAA,ACATAC
50,negative,67,3.3556277751922607,VT4291|0|MEMB002C|+|487,57,no,ATTAAA,CACCAA,ACGTAC
51,negative,67,0.10770019143819808,VT4291|0|MEMB002D|-|535,45,no,ATTAAG,CACCAA,ACATAC
52,negative,67,3.3556277751922607,VT4291|0|MEMB002E|+|686,55,no,ATTAAA,CACCAA,ACATAC
53,negative,67,3.3556277751922607,VT4291|0|MEMB002F|+|702,46,no,ATTAAA,CACCAA,ACATAC
54,negative,67,3.3556277751922607,VT4291|0|MEMB003A|-|479,49,no,ATTAAA,CACCAA,ACATAC
55,negative,67,3.3556277751922607,VT4291|0|MEMB003B|+|680,59,no,ATTAAA,CATCAA,ACATAC
56,negative,67,3.3556277751922607,VT4291|0|MEMB003C|+|493,63,no,ATTAAA,CACCAA,ACGTAC
57,negative,67,3.3556277751922607,VT4291|0|MEMB003D|+|538,49,no,ATTAAA,CACCAA,ACATAC
58,negative,67,3.3556277751922607,VT4291|0|MEMB003F|-|607,49,no,ATTAAA,CACCAA,ACATAC
59,negative,67,3.3556277751922607,VT4291|0|MEMB004A|+|482,54,no,ATTAAA,CACCAA,ACATAC
60,negative,67,3.3556277751922607,VT4291|0|MEMB004B|+|474,49,no,ATTAAA,CACCAA,ACATTC
61,negative,67,3.3556277751922607,VT4291|0|MEMB004E|+|478,49,no,ATTAAA,CACCAA,ACATAC
62,negative,67,3.3556277751922607,VT4291|0|MEMB005B|-|480,55,no,ATTAAA,CACCAA,ACATAC
63,negative,67,3.3556277751922607,VT4291|0|MEMB005D|+|630,55,no,ATTAAA,CATCAA,ACATAC
64,negative,67,3.3556277751922607,VT4291|0|MEMB006A|-|633,59,no,ATTAAA,CACCAA,ACATAC
65,negative,67,3.3556277751922607,VT4291|0|MEMB006B|+|665,55,no,ATTAAA,CATCAA,ACATAC
66,negative,67,3.3556277751922607,VT4291|0|MEMB006C|+|480,49,no,ATTAAA,CACCAA,ACATAC
67,negative,67,3.3556277751922607,VT4291|0|MEMB007B|+|479,48,no,ATTAAA,CACCAA,ACGTAC
68,negative,67,3.3556277751922607,VT4291|0|MEMB007C|+|441,46,no,ATTAAA,CATCAA,ACATAC
69,negative,67,3.3556277751922607,VT4291|0|MEMB007D|-|540,48,no,ATTAAA,CACCAA,ACATAC
70,negative,67,3.3556277751922607,VT4291|0|MEMB008C|+|482,52,no,ATTAAA,CACCAA,ACATAC
71,negative,67,3.3556277751922607,VT4291|0|dkik|+|479,49,no,ATTAAA,CACCAA,ACATAC
72,positive,80,4.255753040313722,VT4291|0|MEMB002A|-|493,76,no,GAACTT,TACGTT,CCAGCT
73,positive,80,4.255753040313722,VT4291|0|MEMB002B|-|482,67,no,GAACTT,TATGTT,CCAGCT
74,positive,80,4.255753040313722,VT4291|0|MEMB002C|+|487,70,no,GAACTT,TACGTT,CCAGCT
75,positive,80,4.255753040313722,VT4291|0|MEMB002D|-|535,58,no,GAACTT,TATGTT,CCAGCT
76,positive,80,4.255753040313722,VT4291|0|MEMB002E|+|686,68,no,GAACTT,TATGTT,CCAGCT
77,positive,80,4.255753040313722,VT4291|0|MEMB002F|+|702,59,no,GAACTT,TATGTT,CCAGCT
78,positive,80,4.255753040313722,VT4291|0|MEMB003A|-|479,62,no,GAACTT,TATGTT,CCAGCT
79,positive,80,4.255753040313722,VT4291|0|MEMB003B|+|680,72,no,GAACTT,TATGTT,CCAGCT
80,positive,80,4.255753040313722,VT4291|0|MEMB003C|+|493,76,no,GAACTT,TACGTT,CCAGCT
81,positive,80,4.255753040313722,VT4291|0|MEMB003D|+|538,62,no,GAACTT,TATGTT,CCAGCT
82,positive,80,4.255753040313722,VT4291|0|MEMB003F|-|607,62,no,GAACTT,TATGTT,CCAGCT
83,positive,80,4.255753040313722,VT4291|0|MEMB004A|+|482,67,no,GAACTT,TATGTT,CCAGCT
84,positive,80,4.255753040313722,VT4291|0|MEMB004B|+|474,62,no,GAACTT,AATGTT,CCAGCT
85,positive,80,2.054119110107422,VT4291|0|MEMB004E|+|478,62,no,AAACTT,TATGTT,CCAGCT
86,positive,80,4.255753040313722,VT4291|0|MEMB005B|-|480,68,no,GAACTT,TATGTT,CCAGCT
87,positive,80,4.255753040313722,VT4291|0|MEMB005D|+|630,68,no,GAACTT,TATGTT,CCAGCT
88,positive,80,4.255753040313722,VT4291|0|MEMB006A|-|633,72,no,GAACTT,TATGTT,CCAGCT
89,positive,80,4.255753040313722,VT4291|0|MEMB006B|+|665,68,no,GAACTT,TATGTT,CCAGCT
90,positive,80,4.255753040313722,VT4291|0|MEMB006C|+|480,62,no,GAACTT,TATGTT,CCAGCT
91,positive,80,4.255753040313722,VT4291|0|MEMB007B|+|479,61,no,GAACTT,TACGTT,CCAGCT
92,positive,80,4.255753040313722,VT4291|0|MEMB007C|+|441,59,no,GAACTT,TATGTT,CCAGCT
93,positive,80,4.255753040313722,VT4291|0|MEMB007D|-|540,61,no,GAACTT,TATGTT,CCAGCT
94,positive,80,4.255753040313722,VT4291|0|MEMB008C|+|482,65,no,GAACTT,TATGTT,CCAGCT
95,positive,80,4.255753040313722,VT4291|0|dkik|+|479,62,no,GAACTT,TATGTT,CCAGCT
96,negative,116,4.255753040313722,VT4291|0|MEMB002A|-|493,112,no,TTGAAC,AAACAG,CAACCG
97,negative,116,4.255753040313722,VT4291|0|MEMB002B|-|482,103,no,TTGAAC,AAACAG,CAACCG
98,negative,116,4.255753040313722,VT4291|0|MEMB002C|+|487,106,no,TTGAAC,AAACAG,CAACCG
99,negative,116,4.255753040313722,VT4291|0|MEMB002D|-|535,94,no,TTGAAC,AAACAG,CAACCG
100,negative,116,4.255753040313722,VT4291|0|MEMB002E|+|686,104,no,TTGAAC,AAACAG,CAACCG
101,negative,116,4.255753040313722,VT4291|0|MEMB002F|+|702,95,no,TTGAAC,AAACAG,CAACCG
102,negative,116,4.255753040313722,VT4291|0|MEMB003A|-|479,98,no,TTGAAC,AAACAG,CAACCG
103,negative,116,4.255753040313722,VT4291|0|MEMB003B|+|680,108,no,TTGAAC,AAACAG,CAACCG
104,negative,116,4.255753040313722,VT4291|0|MEMB003C|+|493,112,no,TTGAAC,AAACAG,CAACCG
105,negative,116,4.255753040313722,VT4291|0|MEMB003D|+|538,98,no,TTGAAC,AAACAG,CAACCG
106,negative,116,4.255753040313722,VT4291|0|MEMB003F|-|607,98,no,TTGAAC,AAACAG,CAACCG
107,negative,116,4.255753040313722,VT4291|0|MEMB004A|+|482,103,no,TTGAAC,AAACAG,CAACCG
108,negative,116,4.255753040313722,VT4291|0|MEMB004B|+|474,98,no,TTGAAC,AAACAG,CAACCG
109,negative,116,4.255753040313722,VT4291|0|MEMB004E|+|478,98,no,TTGAAC,AAACAG,CAACCG
110,negative,116,4.255753040313722,VT4291|0|MEMB005B|-|480,104,no,TTGAAC,AAACAG,CAACCG
111,negative,116,4.255753040313722,VT4291|0|MEMB005D|+|630,104,no,TTGAAC,AAACAG,CAACCG
112,negative,116,4.255753040313722,VT4291|0|MEMB006A|-|633,108,no,TTGAAC,AAACAG,CAACCG
113,negative,116,4.255753040313722,VT4291|0|MEMB006B|+|665,104,no,TTGAAC,AAACAG,CAACCG
114,negative,116,4.255753040313722,VT4291|0|MEMB006C|+|480,98,no,TTGAAC,AAACAG,CAACCG
115,negative,116,4.255753040313722,VT4291|0|MEMB007B|+|479,97,no,TTGAAC,AAACAG,CAACCG
116,negative,116,4.255753040313722,VT4291|0|MEMB007C|+|441,95,no,TTGAAC,AAACAG,CAACCG
117,negative,116,4.255753040313722,VT4291|0|MEMB007D|-|540,97,no,TTGAAC,AAACAG,CAACCG
118,negative,116,4.255753040313722,VT4291|0|MEMB008C|+|482,101,no,TTGAAC,AAACAG,CAACCG
119,negative,116,4.255753040313722,VT4291|0|dkik|+|479,98,no,TTGAAC,AAACAG,CAACCG
120,negative,131,4.255753040313722,VT4291|0|MEMB002A|-|493,127,no,CTGAAC,CTGCAA,AAGTGG
121,negative,131,4.255753040313722,VT4291|0|MEMB002B|-|482,118,no,CTGAAC,CTGCAA,AAGTGG
122,negative,131,4.255753040313722,VT4291|0|MEMB002C|+|487,121,no,CTGAAC,CTGCAA,AAGTGG
123,negative,131,4.255753040313722,VT4291|0|MEMB002D|-|535,109,no,CTGAAC,CTGCAA,AAGTGG
124,negative,131,4.255753040313722,VT4291|0|MEMB002E|+|686,119,no,CTGAAC,CTGCAA,AAGTGG
125,negative,131,4.255753040313722,VT4291|0|MEMB002F|+|702,110,no,CTGAAC,CTGCAA,AAGTGG
126,negative,131,4.255753040313722,VT4291|0|MEMB003A|-|479,113,no,CTGAAC,CTGCAA,AAGTGG
127,negative,131,4.255753040313722,VT4291|0|MEMB003B|+|680,123,no,CTGAAC,CTGCAA,AAGTGG
128,negative,131,4.255753040313722,VT4291|0|MEMB003C|+|493,127,no,CTGAAC,CTGCAA,AAGTGG
129,negative,131,4.255753040313722,VT4291|0|MEMB003D|+|538,113,no,CTGAAC,CTGCAA,AAGTGG
130,negative,131,4.255753040313722,VT4291|0|MEMB003F|-|607,113,no,CTGAAC,CTGCAA,AAGTGG
131,negative,131,4.255753040313722,VT4291|0|MEMB004A|+|482,118,no,CTGAAC,CTGCAA,AAGTGG
132,negative,131,4.255753040313722,VT4291|0|MEMB004B|+|474,113,no,CTGAAC,CTGCAA,AAGTGG
133,negative,131,4.255753040313722,VT4291|0|MEMB004E|+|478,113,no,CTGAAC,CTGCAA,AAGTGG
134,negative,131,-0.9537003636360168,VT4291|0|MEMB005B|-|480,119,no,CTGAAT,TTGCAA,AAGTGG
135,negative,131,4.255753040313722,VT4291|0|MEMB005D|+|630,119,no,CTGAAC,CTGCAA,AAGTGG
136,negative,131,4.255753040313722,VT4291|0|MEMB006A|-|633,123,no,CTGAAC,CTGCAA,AAGTGG
137,negative,131,4.255753040313722,VT4291|0|MEMB006B|+|665,119,no,CTGAAC,CTGCAA,AAGTGG
138,negative,131,4.255753040313722,VT4291|0|MEMB006C|+|480,113,no,CTGAAC,CTGCAA,AAGTGG
139,negative,131,4.255753040313722,VT4291|0|MEMB007B|+|479,112,no,CTGAAC,CTGCAA,AAGTGG
140,negative,131,4.255753040313722,VT4291|0|MEMB007C|+|441,110,no,CTGAAC,CTGCAA,AAGTGG
141,negative,131,4.255753040313722,VT4291|0|MEMB007D|-|540,112,no,CTGAAC,CTGCAA,AAGTGG
142,negative,131,4.255753040313722,VT4291|0|MEMB008C|+|482,116,no,CTGAAC,CTGCAA,AAGTGG
143,negative,131,4.255753040313722,VT4291|0|dkik|+|479,113,no,CTGAAC,CTGCAA,AAGTGG
144,negative,260,4.255753040313722,VT4291|0|MEMB002A|-|493,256,no,GAGAAC,TGCGGA,AATGAC
145,negative,260,4.255753040313722,VT4291|0|MEMB002B|-|482,247,no,GAGAAC,TGCGGA,AATGAC
146,negative,260,4.255753040313722,VT4291|0|MEMB002C|+|487,250,no,GAGAAC,TGCGGA,AATGAC
147,negative,260,4.255753040313722,VT4291|0|MEMB002D|-|535,238,no,GAGAAC,TGCGGA,AATGAC
148,negative,260,4.255753040313722,VT4291|0|MEMB002E|+|686,248,no,GAGAAC,TGCGGA,AATGAC
149,negative,260,4.255753040313722,VT4291|0|MEMB002F|+|702,239,no,GAGAAC,TGCGGA,AATGAC
150,negative,260,4.255753040313722,VT4291|0|MEMB003A|-|479,242,yes,GAGAAC,TGCGGA,AATGAC
151,negative,260,4.255753040313722,VT4291|0|MEMB003B|+|680,252,no,GAGAAC,TGCGGA,AATGAC
152,negative,260,4.255753040313722,VT4291|0|MEMB003C|+|493,256,no,GAGAAC,TGCGGA,AATGAC
153,negative,260,4.255753040313722,VT4291|0|MEMB003D|+|538,242,yes,GAGAAC,TGCGGA,AATGAC
154,negative,260,4.255753040313722,VT4291|0|MEMB003F|-|607,242,no,GAGAAC,TGCGGA,AATGAC
155,negative,260,4.255753040313722,VT4291|0|MEMB004A|+|482,247,no,GAGAAC,TGCGGA,AATGAC
156,negative,260,4.255753040313722,VT4291|0|MEMB004B|+|474,242,no,GAGAAC,TGCGGA,AATGAC
157,negative,260,4.255753040313722,VT4291|0|MEMB004E|+|478,242,no,GAGAAC,TGTGGA,AATGAC
158,negative,260,4.255753040313722,VT4291|0|MEMB005B|-|480,248,yes,GAGAAC,TGCGGA,AATGAC
159,negative,260,4.255753040313722,VT4291|0|MEMB005D|+|630,248,no,GAGAAC,TGCGGA,AATGAC
160,negative,260,4.255753040313722,VT4291|0|MEMB006A|-|633,252,no,GAGAAC,TGCGGA,AATGAC
161,negative,260,4.255753040313722,VT4291|0|MEMB006B|+|665,248,no,GAGAAC,TGCGGA,AATGAC
162,negative,260,4.255753040313722,VT4291|0|MEMB006C|+|480,242,no,GAGAAC,TGCGGA,AATGAC
163,negative,260,4.255753040313722,VT4291|0|MEMB007B|+|479,241,no,GAGAAC,TGCGGA,AATGAC
164,negative,260,4.255753040313722,VT4291|0|MEMB007C|+|441,239,no,GAGAAC,TGCGGA,AATGAC
165,negative,260,4.255753040313722,VT4291|0|MEMB007D|-|540,241,no,GAGAAC,TGCGGA,AATGAC
166,negative,260,4.255753040313722,VT4291|0|MEMB008C|+|482,245,no,GAGAAC,TGCGGA,AATGAC
167,negative,260,4.255753040313722,VT4291|0|dkik|+|479,242,yes,GAGAAC,TGCGGA,AATGAC
168,negative,356,4.255753040313722,VT4291|0|MEMB002A|-|493,350,no,AGGAAC,AATCGC,GGCGAG
169,negative,356,4.255753040313722,VT4291|0|MEMB002B|-|482,341,no,AGGAAC,AATCGC,GGCGAG
170,negative,356,4.255753040313722,VT4291|0|MEMB002C|+|487,344,no,AGGAAC,AATCGC,GGCGAG
171,negative,356,3.2557530403137207,VT4291|0|MEMB002D|-|535,332,no,AGGAGC,AATCGC,GGCGAG
172,negative,356,3.2557530403137207,VT4291|0|MEMB002E|+|686,342,no,AGGAGC,AATCCA,GGCGAG
173,negative,356,4.255753040313722,VT4291|0|MEMB002F|+|702,333,no,AGGAAC,AATCGA,GGCGAG
174,negative,356,3.2557530403137207,VT4291|0|MEMB003A|-|479,336,no,AGGAGC,AATCGT,GGCGAG
175,negative,356,3.2557530403137207,VT4291|0|MEMB003B|+|680,346,no,AGGAGC,AATCGC,GGCGAG
176,negative,356,4.255753040313722,VT4291|0|MEMB003C|+|493,350,no,AGGAAC,AATCGC,GGCGAG
177,negative,356,3.2557530403137207,VT4291|0|MEMB003D|+|538,336,no,AGGAGC,AATCGT,GGCGAG
178,negative,356,3.2557530403137207,VT4291|0|MEMB003F|-|607,336,no,AGGAGC,ATTCGC,GGCGAG
179,negative,356,4.255753040313722,VT4291|0|MEMB004A|+|482,341,no,AGGAAC,AATCGC,GGCGAG
180,negative,356,3.2557530403137207,VT4291|0|MEMB004B|+|474,336,no,AGGAGC,AATTGC,GGCGAG
181,negative,356,-1.9537003040313718,VT4291|0|MEMB004E|+|478,336,no,AGGAGT,AATCGC,CGGCGG
182,negative,356,3.2557530403137207,VT4291|0|MEMB005B|-|480,342,no,AGGAGC,AATCGC,GGCGAG
183,negative,356,3.2557530403137207,VT4291|0|MEMB005D|+|630,344,no,AGGAGC,AATCGC,GGCGAG
184,negative,356,3.2557530403137207,VT4291|0|MEMB006A|-|633,346,no,AGGAGC,AATCGC,GGCGGG
185,negative,356,3.2557530403137207,VT4291|0|MEMB006B|+|665,342,no,AGGAGC,AATCGC,GGCGAG
186,negative,356,3.2557530403137207,VT4291|0|MEMB006C|+|480,336,no,AGGAGC,AATCGC,GGCGAG
187,negative,356,4.255753040313722,VT4291|0|MEMB007B|+|479,335,no,AGGAAC,AATCGC,GGCGAG
188,negative,356,3.2557530403137207,VT4291|0|MEMB007C|+|441,333,no,AGGAGC,AGTCGC,GGCGAG
189,negative,356,3.2557530403137207,VT4291|0|MEMB007D|-|540,335,no,AGGAGC,AATCGC,GGCGAG
190,negative,356,3.2557530403137207,VT4291|0|MEMB008C|+|482,339,no,AGGAGC,AATCGC,GGCGAG
191,negative,356,3.2557530403137207,VT4291|0|dkik|+|479,336,no,AGGAGC,AATCGT,GGCGAG
192,negative,404,3.3556277751922607,VT4291|0|MEMB002A|-|493,396,yes,AGTAAA,CGCAAA,ACACCG
193,negative,404,3.3556277751922607,VT4291|0|MEMB002B|-|482,387,yes,AGTAAA,CGACAA,ACACCG
194,negative,404,3.3556277751922607,VT4291|0|MEMB002C|+|487,390,yes,GGTAAA,CGCAAA,ACACCG
195,negative,404,0.10770019143819808,VT4291|0|MEMB002D|-|535,378,no,AGTAAG,CGATCA,AACCGA
196,negative,404,0.10770019143819808,VT4291|0|MEMB002E|+|686,388,no,AGTAAG,GGACTA,AACCGA
197,negative,404,3.3556277751922607,VT4291|0|MEMB002F|+|702,379,no,AGTAAA,CGACCA,GCACAA
198,negative,404,0.10770019143819808,VT4291|0|MEMB003A|-|479,382,no,AGTAAG,CGACTA,AATCGA
199,negative,404,0.10770019143819808,VT4291|0|MEMB003B|+|680,393,no,AGTAAG,CGGACT,AAACGA
200,negative,404,3.3556277751922607,VT4291|0|MEMB003C|+|493,396,yes,AGTAAA,CGCAAA,ACACCG
201,negative,404,0.10770019143819808,VT4291|0|MEMB003D|+|538,382,no,AGTAAG,CGACTA,AATCGA
202,negative,404,0.10770019143819808,VT4291|0|MEMB003F|-|607,382,no,AGTAAG,CGACTG,AAACGA
203,negative,404,3.3556277751922607,VT4291|0|MEMB004A|+|482,387,yes,AGTAAA,CGACAA,ACACCG
204,negative,404,0.10770019143819808,VT4291|0|MEMB004B|+|474,382,no,AGTAAG,CAACTA,AACCGA
205,negative,404,0.10770019143819808,VT4291|0|MEMB004E|+|478,381,no,AGTAAG,CGACTA,AACCGA
206,negative,404,-3.1402273178100586,VT4291|0|MEMB005B|-|480,388,no,AGTGAG,CGACCA,TACCGA
207,negative,404,-3.1402273178100586,VT4291|0|MEMB005D|+|630,391,no,ATTGAG,CGACTA,AAACGA
208,negative,404,-4.140227317810059,VT4291|0|MEMB006A|-|633,392,no,AGTTAG,CGAGTA,AAACGA
209,negative,404,-0.8922998309135437,VT4291|0|MEMB006B|+|665,388,no,AGTAGG,CGACTA,AAACGT
210,negative,404,0.10770019143819808,VT4291|0|MEMB006C|+|480,382,no,AGTAAG,CGACTA,AAACGT
211,negative,404,3.3556277751922607,VT4291|0|MEMB007B|+|479,381,yes,AGTAAA,CGCAAA,ACACCG
212,negative,404,0.10770019143819808,VT4291|0|MEMB007C|+|441,379,no,AGTAAG,CGACTA,AAACGA
213,negative,404,-3.1402273178100586,VT4291|0|MEMB007D|-|540,381,no,AGTGAG,CAACTT,GAACGA
214,negative,404,-2.155334234237671,VT4291|0|MEMB008C|+|482,385,no,GAAAAG,CGAATA,AACTGA
215,negative,404,0.10770019143819808,VT4291|0|dkik|+|479,382,no,AGTAAG,CGACTA,AATCGA
216,negative,309,1.1077002286911009,VT4291|0|MEMB002A|-|493,305,no,AATCAA,GTCATG,AGTGAC
217,negative,309,1.1077002286911009,VT4291|0|MEMB002B|-|482,296,no,AATCAA,GTCATG,AGTGAC
218,negative,309,1.1077002286911009,VT4291|0|MEMB002C|+|487,299,no,AATCAA,GTCATG,AGTGAC
219,negative,309,3.3556277751922607,VT4291|0|MEMB002D|-|535,287,no,AATAAA,GTCATG,AGTGAC
220,negative,309,1.1077002286911009,VT4291|0|MEMB002E|+|686,297,no,AATCAA,GTCATG,AGTGAC
221,negative,309,1.1077002286911009,VT4291|0|MEMB002F|+|702,288,no,AATCAA,GTCATG,AGTGAC
222,negative,309,1.1077002286911009,VT4291|0|MEMB003A|-|479,291,no,AATCAA,GTCATG,AGTGAC
223,negative,309,1.1077002286911009,VT4291|0|MEMB003B|+|680,301,no,AATCAA,GTCATG,AGTGAC
224,negative,309,1.1077002286911009,VT4291|0|MEMB003C|+|493,305,no,AATCAA,GTCATG,AGTGAC
225,negative,309,1.1077002286911009,VT4291|0|MEMB003D|+|538,291,no,AATCAA,GTCATG,AGTGAC
226,negative,309,1.1077002286911009,VT4291|0|MEMB003F|-|607,291,no,AATCAA,GTCATG,AGTGAC
227,negative,309,1.1077002286911009,VT4291|0|MEMB004A|+|482,296,no,AATCAA,GTCATG,AGTGAC
228,negative,309,1.1077002286911009,VT4291|0|MEMB004B|+|474,291,no,AATCAA,GTCATG,AGTGAC
229,negative,309,1.1077002286911009,VT4291|0|MEMB004E|+|478,291,no,AATCAA,GTCATG,AGTGAC
230,negative,309,1.1077002286911009,VT4291|0|MEMB005B|-|480,297,no,AATCAA,GTCATG,AGTGAC
231,negative,309,1.1077002286911009,VT4291|0|MEMB005D|+|630,297,no,AATCAA,GTCATG,AGTGAC
232,negative,309,1.1077002286911009,VT4291|0|MEMB006A|-|633,301,no,AATCAA,GTCATG,AGTGAC
233,negative,309,1.1077002286911009,VT4291|0|MEMB006B|+|665,297,no,AATCAA,GTCATG,AGTGAC
234,negative,309,1.1077002286911009,VT4291|0|MEMB006C|+|480,291,no,AATCAA,GTCATG,AGTGAC
235,negative,309,1.1077002286911009,VT4291|0|MEMB007B|+|479,290,no,AATCAA,GTCATG,AGTGAC
236,negative,309,1.1077002286911009,VT4291|0|MEMB007C|+|441,288,no,AATCAA,GTCATG,AGTGAC
237,negative,309,1.1077002286911009,VT4291|0|MEMB007D|-|540,290,no,AATCAA,GTCATG,AGTAAA
238,negative,309,1.1077002286911009,VT4291|0|MEMB008C|+|482,294,no,AATCAA,GTCATG,AGTGAC
239,negative,309,1.1077002286911009,VT4291|0|dkik|+|479,291,no,AATCAA,GTCATG,AGTGAC
240,negative,374,1.0078254938125608,VT4291|0|MEMB002A|-|493,368,no,AGGGAC,GACGAC,ACGCGA
241,negative,374,1.0078254938125608,VT4291|0|MEMB002B|-|482,359,no,AGGGAC,GACGCC,ACGCGA
242,negative,374,1.0078254938125608,VT4291|0|MEMB002C|+|487,362,no,AGGGAC,GACGAC,ACGCGA
243,negative,374,4.255753040313722,VT4291|0|MEMB002D|-|535,350,no,AGGAAC,GACGAC,ACGCAC
244,negative,374,4.255753040313722,VT4291|0|MEMB002E|+|686,360,no,AGGAAC,GACGAC,ACGCAA
245,negative,374,0.04629964381456375,VT4291|0|MEMB002F|+|702,351,no,AGGGAA,GACAAC,ACGCAA
246,negative,374,1.0078254938125608,VT4291|0|MEMB003A|-|479,354,no,AGGGAC,GACGAC,ACGCAA
247,negative,374,1.0078254938125608,VT4291|0|MEMB003B|+|680,364,no,AGGGAC,GACAAC,ACGCAA
248,negative,374,1.0078254938125608,VT4291|0|MEMB003C|+|493,368,no,AGGGAC,GACGAC,ACGCGA
249,negative,374,1.0078254938125608,VT4291|0|MEMB003D|+|538,354,no,AGGGAC,GACGAC,ACGCAA
250,negative,374,1.0078254938125608,VT4291|0|MEMB003F|-|607,354,no,AGGGAC,GACGAC,ACGCAA
251,negative,374,1.0078254938125608,VT4291|0|MEMB004A|+|482,359,no,AGGGAC,GACGCC,ACGCGA
252,negative,374,1.0078254938125608,VT4291|0|MEMB004B|+|474,354,no,AGGGAC,GTCAAC,AGGCAA
253,negative,374,1.0078254938125608,VT4291|0|MEMB004E|+|478,353,no,AGGGAC,GACGAC,ACGCAA
254,negative,374,1.0078254938125608,VT4291|0|MEMB005B|-|480,360,no,AGGGAC,GACAAC,AGGCAA
255,negative,374,1.0078254938125608,VT4291|0|MEMB005D|+|630,362,no,AGGGAC,GTTAAC,ACGCAA
256,negative,374,1.0078254938125608,VT4291|0|MEMB006A|-|633,364,no,AGGGAC,GACGAC,ACGCAA
257,negative,374,1.0078254938125608,VT4291|0|MEMB006B|+|665,360,no,AGGGAC,GACGAC,ACGCAA
258,negative,374,1.0078254938125608,VT4291|0|MEMB006C|+|480,354,no,AGGGAC,GACGAC,ACGCAA
259,negative,374,1.0078254938125608,VT4291|0|MEMB007B|+|479,353,no,AGGGAC,GACGAC,ACGCGA
260,negative,374,1.0078254938125608,VT4291|0|MEMB007C|+|441,351,no,AGGGAC,GACGAC,ACACAA
261,negative,374,3.294227123260498,VT4291|0|MEMB007D|-|540,353,no,AGGAAA,GAGGGC,ACGCAA
262,negative,374,1.0078254938125608,VT4291|0|MEMB008C|+|482,357,no,AGGGAC,GACGAC,ACGCAA
263,negative,374,1.0078254938125608,VT4291|0|dkik|+|479,354,no,AGGGAC,GACGAC,ACGCAA
264,positive,390,0.10770019143819808,VT4291|0|MEMB002A|-|493,384,no,TCGAAA,GTTGCA,TTTGCG
265,positive,390,0.10770019143819808,VT4291|0|MEMB002B|-|482,375,no,TCGAAA,GTTGCA,TTGTCG
266,positive,390,0.10770019143819808,VT4291|0|MEMB002C|+|487,378,no,TCGAAA,GTTGCA,TTTGCG
267,positive,390,3.3556277751922607,VT4291|0|MEMB002D|-|535,366,no,TAAATA,GTTGCA,TGATCG
268,positive,390,3.3556277751922607,VT4291|0|MEMB002E|+|686,376,no,TAAATA,GTTGCA,TAGTCC
269,positive,390,-0.8922998309135437,VT4291|0|MEMB002F|+|702,367,no,TGGAAA,GTTGCA,TGGTCG
270,positive,390,2.3556277751922607,VT4291|0|MEMB003A|-|479,370,no,TAGAAA,GTTGCA,TAGTCG
271,positive,390,2.3556277751922607,VT4291|0|MEMB003B|+|680,380,no,TAGAAA,GTTGCA,TAGTCC
272,positive,390,0.10770019143819808,VT4291|0|MEMB003C|+|493,384,no,TCGAAA,GTTGCA,TTTGCG
273,positive,390,2.3556277751922607,VT4291|0|MEMB003D|+|538,370,no,TAGAAA,GTTGCA,TAGTCG
274,positive,390,2.3556277751922607,VT4291|0|MEMB003F|-|607,370,no,TAGAAA,GTTGCA,CAGTCG
275,positive,390,0.10770019143819808,VT4291|0|MEMB004A|+|482,375,no,TCGAAA,GTTGCA,TTGTCG
276,positive,390,2.3556277751922607,VT4291|0|MEMB004B|+|474,370,no,TAGAAA,CTTGCA,TAGTTG
277,positive,390,2.3556277751922607,VT4291|0|MEMB004E|+|478,369,no,TAGAAA,GTTGCA,TAGTCG
278,positive,390,2.3556277751922607,VT4291|0|MEMB005B|-|480,376,no,TAGAAA,CTTGCA,TGGTCG
279,positive,390,-4.140227317810059,VT4291|0|MEMB005D|+|630,378,no,TGGGAA,GTTGCA,ATAGTC
280,positive,390,2.3556277751922607,VT4291|0|MEMB006A|-|633,380,no,TAGAAA,GTTGCA,TACTCG
281,positive,390,2.3556277751922607,VT4291|0|MEMB006B|+|665,376,no,TAGAAA,GTTGCA,TAGTCG
282,positive,390,2.3556277751922607,VT4291|0|MEMB006C|+|480,370,no,TAGAAA,GTTGCA,TAGTCG
283,positive,390,0.10770019143819808,VT4291|0|MEMB007B|+|479,369,no,TCGAAA,GTTGCA,TTTGCG
284,positive,390,2.3556277751922607,VT4291|0|MEMB007C|+|441,367,no,TAGAAA,GTTGCA,TAGTCG
285,positive,390,-0.8922998309135437,VT4291|0|MEMB007D|-|540,369,no,TGGATA,GTTGCA,AAGTTG
286,positive,390,2.3556277751922607,VT4291|0|MEMB008C|+|482,373,no,TAGAAA,GTTGCA,TATTCG
287,positive,390,2.3556277751922607,VT4291|0|dkik|+|479,370,no,TAGAAA,GTTGCA,TAGTCG
288,negative,414,2.3556277751922607,VT4291|0|MEMB002A|-|493,405,no,GCTACA,CCGAGT,AAAGCA
289,negative,414,2.3556277751922607,VT4291|0|MEMB002B|-|482,396,no,GCTACA,CCGAGT,AAAGCA
290,negative,414,2.3556277751922607,VT4291|0|MEMB002C|+|487,399,no,GCTACA,CCGGGT,AAAGCA
291,negative,414,4.317153453826903,VT4291|0|MEMB002D|-|535,387,yes,GCTAAC,CGAAGT,AAAGCA
292,negative,414,4.317153453826903,VT4291|0|MEMB002E|+|686,397,no,GTTAAC,CGAAGT,AAATCA
293,negative,414,-0.8922998309135437,VT4291|0|MEMB002F|+|702,388,no,GCTGCA,CAAAGT,AAAGCA
294,negative,414,-0.8922998309135437,VT4291|0|MEMB003A|-|479,391,no,GCTAAT,CGAAGT,AAAGCA
295,negative,414,3.3556277751922607,VT4291|0|MEMB003B|+|680,403,no,AATAAA,ACGAAG,AAGGCA
296,negative,414,2.3556277751922607,VT4291|0|MEMB003C|+|493,405,no,GCTACA,CCGAGT,AAAGCA
297,negative,414,-0.8922998309135437,VT4291|0|MEMB003D|+|538,391,no,GCTAAT,CGAAGT,AAAGCA
298,negative,414,3.3556277751922607,VT4291|0|MEMB003F|-|607,391,no,AATAAA,CGAAGT,AACGCA
299,negative,414,2.3556277751922607,VT4291|0|MEMB004A|+|482,396,no,GCTACA,CCGAGT,AAAGCA
300,negative,414,4.317153453826903,VT4291|0|MEMB004B|+|474,391,yes,AATAAC,CGAAGT,AAAGCA
301,negative,414,4.317153453826903,VT4291|0|MEMB004E|+|478,390,yes,AATAAC,CGAAGT,AAAGCA
302,negative,414,3.3556277751922607,VT4291|0|MEMB005D|+|630,400,no,AATAAA,CGAATT,AAAGCA
303,negative,414,3.3556277751922607,VT4291|0|MEMB006A|-|633,401,no,AATAAA,CGAAGT,AAAGCA
304,negative,414,3.3556277751922607,VT4291|0|MEMB006B|+|665,397,no,AATAAA,CGTAGT,AAAGCA
305,negative,414,3.3556277751922607,VT4291|0|MEMB006C|+|480,391,no,AATAAA,CGTAGT,AAAGCA
306,negative,414,2.3556277751922607,VT4291|0|MEMB007B|+|479,390,no,CCTACA,CCGAGT,ACGCAG
307,negative,414,3.3556277751922607,VT4291|0|MEMB007C|+|441,388,no,AATAAA,CGAAGT,AAGGCA
308,negative,414,0.10770019143819808,VT4291|0|MEMB007D|-|540,390,no,GGTGAA,CGAAGT,AAAGCA
309,negative,414,4.317153453826903,VT4291|0|MEMB008C|+|482,394,yes,AATAAC,TGAGAA,AAAGCA
310,negative,414,-0.8922998309135437,VT4291|0|dkik|+|479,391,no,GCTAAT,CGAAGT,AAAGCA
311,positive,416,3.3171534538269043,VT4291|0|MEMB002A|-|493,407,no,TAGCTG,TCGGTG,CTTTTT
312,positive,416,3.3171534538269043,VT4291|0|MEMB002B|-|482,398,no,TAGCTG,TCGGTG,CTTTTT
313,positive,416,3.3171534538269043,VT4291|0|MEMB002C|+|487,401,no,TAGCTG,CCGGTG,CTTTTT
314,positive,416,3.3171534538269043,VT4291|0|MEMB002D|-|535,389,no,TAGCTG,TTCGGT,CTTTTC
315,positive,416,4.317153453826903,VT4291|0|MEMB002E|+|686,399,no,TAACTG,TTCGGT,ATTTTT
316,positive,416,0.902116060256958,VT4291|0|MEMB002F|+|702,390,no,CAGCTG,TTTGTG,CTTTTT
317,positive,416,3.3171534538269043,VT4291|0|MEMB003A|-|479,393,no,TAGCTG,TTCGAT,CTTTTT
318,positive,416,-1.8922997713088991,VT4291|0|MEMB003B|+|680,405,no,TATTTG,TCGTTT,CCTTTT
319,positive,416,3.3171534538269043,VT4291|0|MEMB003C|+|493,407,no,TAGCTG,TCGGTG,CTTTTT
320,positive,416,3.3171534538269043,VT4291|0|MEMB003D|+|538,393,no,TAGCTG,TTCGAT,CTTTTT
321,positive,416,-1.8922997713088991,VT4291|0|MEMB003F|-|607,393,no,TATTTG,TTCGTT,CGTTTT
322,positive,416,3.3171534538269043,VT4291|0|MEMB004A|+|482,398,no,TAGCTG,TCGGTG,CTTTTT
323,positive,416,-1.8922997713088991,VT4291|0|MEMB004B|+|474,393,no,TATTTG,TTCGGT,CTTTTT
324,positive,416,-1.8922997713088991,VT4291|0|MEMB004E|+|478,392,no,TATTTG,TTCGGT,CTTTTT
325,positive,416,-1.8922997713088991,VT4291|0|MEMB005B|-|480,398,no,TATTTG,CTTCGG,TTTTTT
326,positive,416,-1.8922997713088991,VT4291|0|MEMB005D|+|630,402,no,TATTTG,TTCGTT,CTTTTA
327,positive,416,-1.8922997713088991,VT4291|0|MEMB006A|-|633,403,no,TATTTG,TTCGTT,CTTTTC
328,positive,416,-1.8922997713088991,VT4291|0|MEMB006B|+|665,399,no,TATTTG,TACGTT,CTTTTT
329,positive,416,-1.8922997713088991,VT4291|0|MEMB006C|+|480,393,no,TATTTG,TACGTT,CTTTTT
330,positive,416,-0.8922998309135437,VT4291|0|MEMB007B|+|479,392,no,TAGGCT,TCGGTG,GCGTTT
331,positive,416,-1.8922997713088991,VT4291|0|MEMB007C|+|441,390,no,TATTTG,TTCGTT,CCTTTT
332,positive,416,0.902116060256958,VT4291|0|MEMB007D|-|540,392,no,CACCTG,TTCGTT,CTTTTT
333,positive,416,-1.8922997713088991,VT4291|0|MEMB008C|+|482,396,no,TATTTG,CTCAGT,CTTTTT
334,positive,416,3.3171534538269043,VT4291|0|dkik|+|479,393,no,TAGCTG,TTCGAT,CTTTTT
335,negative,438,0.10770019143819808,VT4291|0|MEMB002A|-|493,428,no,ACTGAA,GAGCCC,AACGCG
336,negative,438,0.10770019143819808,VT4291|0|MEMB002B|-|482,419,no,ACTGAA,GAGCCC,AAAACG
337,negative,438,0.10770019143819808,VT4291|0|MEMB002C|+|487,422,no,ACTGAA,GAGCCC,AACGCG
338,negative,438,0.10770019143819808,VT4291|0|MEMB002D|-|535,409,no,ACTGAA,GAGCCC,AAAGCG
339,negative,438,3.3556277751922607,VT4291|0|MEMB002E|+|686,420,no,ACTAAA,GAGCCC,AAAGCG
340,negative,438,0.10770019143819808,VT4291|0|MEMB002F|+|702,411,no,ACTGAA,GAGCTC,AACGCA
341,negative,438,-3.1402273178100586,VT4291|0|MEMB003A|-|479,414,no,ACTGAG,GAGCCC,AAAGCG
342,negative,438,0.10770019143819808,VT4291|0|MEMB003B|+|680,425,no,ACTGAA,GGCCCC,AAAGCA
343,negative,438,0.10770019143819808,VT4291|0|MEMB003C|+|493,428,no,ACTGAA,GAGCCC,AACGCG
344,negative,438,-3.1402273178100586,VT4291|0|MEMB003D|+|538,414,no,ACTGAG,GAGCCC,AAAGCG
345,negative,438,0.10770019143819808,VT4291|0|MEMB003F|-|607,414,no,ACTGAA,GAGCCC,AAAGCG
346,negative,438,0.10770019143819808,VT4291|0|MEMB004A|+|482,419,no,ACTGAA,GAGCCC,AAAACG
347,negative,438,-2.3073372840881348,VT4291|0|MEMB004B|+|474,414,no,ACCGAA,GAGCCC,AAAGCG
348,negative,438,0.10770019143819808,VT4291|0|MEMB004E|+|478,413,no,ACTGAA,GAGCCC,AAAGCA
349,negative,438,-2.3073372840881348,VT4291|0|MEMB005B|-|480,419,no,ACCGAA,AAGCCC,AAGGCG
350,negative,438,0.06922604143619537,VT4291|0|MEMB005D|+|630,423,no,ACTGGC,GAGTCC,AAAGCG
351,negative,438,0.10770019143819808,VT4291|0|MEMB006A|-|633,424,no,ACTGAA,GAGCCC,AAAGCG
352,negative,438,3.3556277751922607,VT4291|0|MEMB006B|+|665,420,no,ACTAAA,GAGCCC,AAAGCG
353,negative,438,3.3556277751922607,VT4291|0|MEMB006C|+|480,414,yes,ACTAAA,GAGCCC,AAAGCG
354,negative,438,0.10770019143819808,VT4291|0|MEMB007B|+|479,414,no,ACTGAA,GAGCCC,AACGCG
355,negative,438,3.3556277751922607,VT4291|0|MEMB007C|+|441,410,yes,ACTAAA,GGACCT,AAAGCA
356,negative,438,0.10770019143819808,VT4291|0|MEMB007D|-|540,413,no,ACTGAA,GAGCCC,AAAGCG
357,negative,438,0.10770019143819808,VT4291|0|MEMB008C|+|482,417,no,ACTGAA,GAGCCC,AAAGCG
358,negative,438,-3.1402273178100586,VT4291|0|dkik|+|479,414,no,ACTGAG,GAGCCC,AAAGCG
359,negative,618,4.317153453826903,VT4291|0|MEMB002E|+|686,568,no,CGTAAC,ACATCG,AGCCAT
360,negative,618,0.902116060256958,VT4291|0|MEMB002F|+|702,564,no,CGCAGC,CACACC,AACCAT
361,negative,618,0.902116060256958,VT4291|0|MEMB003B|+|680,583,no,CACAGC,GCAATC,TTATCA
362,negative,618,-3.345811367034912,VT4291|0|MEMB003F|-|607,562,no,CGCTGC,ACACCG,AGCTAT
363,negative,618,-3.345811367034912,VT4291|0|MEMB005D|+|630,573,no,CGCTGC,TTACCG,AGCTAT
364,negative,618,0.902116060256958,VT4291|0|MEMB006A|-|633,575,no,CGCAGC,ACTCTG,AGCTAT
365,negative,618,0.902116060256958,VT4291|0|MEMB006B|+|665,568,no,CGCAGC,ACCGCT,ATTTAT
366,negative,652,3.3556277751922607,VT4291|0|MEMB002E|+|686,602,no,AATAAA,AAAATA,AATCAA
367,negative,652,-3.1553342342376713,VT4291|0|MEMB002F|+|702,598,no,ATAGTA,AAAATA,TCAATT
368,negative,652,3.3556277751922607,VT4291|0|MEMB003B|+|680,617,no,TTTAAA,AAATCA,TAAATA
369,negative,652,-4.155333995819092,VT4291|0|MEMB003F|-|607,596,no,AAAATT,AAAATA,TAAAT
370,negative,652,-3.1553342342376713,VT4291|0|MEMB005D|+|630,607,no,AAATAA,AAAATA,CAAATA
371,negative,652,0.94059020280838,VT4291|0|MEMB006A|-|633,609,no,TACAAA,AAAATA,AAATAA
372,negative,652,0.94059020280838,VT4291|0|MEMB006B|+|665,602,no,TTCAAA,AAAATA,AAATAT
373,negative,662,3.3556277751922607,VT4291|0|MEMB002E|+|686,612,no,ATTAAA,TCAAAA,ACCGTA
374,negative,662,-0.9307739734649658,VT4291|0|MEMB002F|+|702,608,no,TATTTC,AATTAT,AAATCG
375,negative,662,0.09259329736232758,VT4291|0|MEMB003B|+|680,627,no,TAAATA,AATATT,TTAATT
376,negative,662,-1.8922997713088991,VT4291|0|MEMB005D|+|630,617,no,CATTCA,AATAAA,AAACTA
377,negative,662,3.3556277751922607,VT4291|0|MEMB006A|-|633,619,yes,AATAAA,ATAATA,AACTAT
378,negative,662,-3.1553342342376713,VT4291|0|MEMB006B|+|665,612,no,AAATAA,ATATTT,GTAATT
379,negative,699,3.3556277751922607,VT4291|0|MEMB002E|+|686,649,no,GTTAAA,AGTCAC,ATAATC
380,negative,699,-0.05940979719161987,VT4291|0|MEMB002F|+|702,645,no,ATCAGA,AAATAC,ATTATA
381,negative,699,1.0925933122634888,VT4291|0|MEMB003B|+|680,664,no,AAAAAA,ATCATA,AATATT
382,negative,699,3.3556277751922607,VT4291|0|MEMB006B|+|665,649,no,TTTAAA,AGTCAC,ACAACC
383,positive,701,4.317153453826903,VT4291|0|MEMB002E|+|686,651,yes,TAACGA,GACTTT,TTATTA
384,positive,701,-4.140227317810059,VT4291|0|MEMB002F|+|702,647,no,TGATTA,ATTTTC,TAATGT
385,positive,701,-6.140227317810059,VT4291|0|MEMB003B|+|680,666,no,ttttaa,TGATTT,tattta
386,positive,701,3.3556277751922607,VT4291|0|MEMB006B|+|665,651,yes,TAAAGG,GACTTT,TTGTGA
387,positive,171,3.2557530403137207,VT4291|0|MEMB002A|-|493,167,no,GAGCAG,CAATGG,ATACCC
388,positive,171,3.2557530403137207,VT4291|0|MEMB002B|-|482,158,no,GAGCAG,CAATGG,ACACCC
389,positive,171,3.2557530403137207,VT4291|0|MEMB002C|+|487,161,no,GAGCAG,CAATGG,ATACCC
390,positive,171,3.2557530403137207,VT4291|0|MEMB002D|-|535,149,no,GAGCAG,CAATGC,ACACCC
391,positive,171,3.2557530403137207,VT4291|0|MEMB002E|+|686,159,no,GAGCAG,CAATGA,ACACCC
392,positive,171,4.255753040313722,VT4291|0|MEMB002F|+|702,150,no,GAACAG,CAATGG,ACACCC
393,positive,171,3.2557530403137207,VT4291|0|MEMB003A|-|479,153,no,GAGCAG,CAATGG,ACACCC
394,positive,171,3.2557530403137207,VT4291|0|MEMB003B|+|680,163,no,GAGCAG,CAATGG,ACACCC
395,positive,171,3.2557530403137207,VT4291|0|MEMB003C|+|493,167,no,GAGCAG,CAATGG,ATACCC
396,positive,171,3.2557530403137207,VT4291|0|MEMB003D|+|538,153,no,GAGCAG,CAATGG,ACACCC
397,positive,171,3.2557530403137207,VT4291|0|MEMB003F|-|607,153,no,GAGCAG,CAATGG,ACACCC
398,positive,171,3.2557530403137207,VT4291|0|MEMB004A|+|482,158,no,GAGCAG,CAATGG,ACACCC
399,positive,171,3.2557530403137207,VT4291|0|MEMB004B|+|474,153,no,GAGCAG,CAATGG,ACACCC
400,positive,171,3.2557530403137207,VT4291|0|MEMB004E|+|478,153,no,GAGCAG,CAATGG,ACACCC
401,positive,171,3.2557530403137207,VT4291|0|MEMB005B|-|480,159,no,GAGCAG,CAATGG,ACACCC
402,positive,171,3.2557530403137207,VT4291|0|MEMB005D|+|630,159,no,GAGCAG,CAATGG,ACACCC
403,positive,171,3.2557530403137207,VT4291|0|MEMB006A|-|633,163,no,GAGCAG,CAATGG,ACACCC
404,positive,171,3.2557530403137207,VT4291|0|MEMB006B|+|665,159,no,GAGCAG,CAATGG,ACACCC
405,positive,171,3.2557530403137207,VT4291|0|MEMB006C|+|480,153,no,GAGCAG,CAATGG,ACACCC
406,positive,171,3.2557530403137207,VT4291|0|MEMB007B|+|479,152,no,GAGCAG,CAATGG,ATACCC
407,positive,171,3.2557530403137207,VT4291|0|MEMB007C|+|441,150,no,GAGCAG,CAATGG,ACACCC
408,positive,171,3.2557530403137207,VT4291|0|MEMB007D|-|540,152,no,GAGCAG,CAATGG,ACACCC
409,positive,171,3.2557530403137207,VT4291|0|MEMB008C|+|482,156,no,GAGCAG,CAATGG,ACACCC
410,positive,171,3.2557530403137207,VT4291|0|dkik|+|479,153,no,GAGCAG,CAATGG,ACACCC
411,negative,596,3.294227123260498,VT4291|0|MEMB002E|+|686,551,no,ACGAAA,GAGTGC,GCACTC
412,negative,596,4.255753040313722,VT4291|0|MEMB002F|+|702,542,no,ACGAAC,GTGTGT,TCACTC
413,negative,596,-7.403261661529541,VT4291|0|MEMB003B|+|680,576,no,CAATCG,ATGTGC,ACAGCG
414,negative,596,3.294227123260498,VT4291|0|MEMB003F|-|607,545,no,ACGAAA,GAGTGC,GCACTC
415,negative,596,3.294227123260498,VT4291|0|MEMB005D|+|630,556,no,ACGAAA,CGGTGC,GCTCTC
416,negative,596,3.294227123260498,VT4291|0|MEMB006A|-|633,556,no,ACGAAA,GAGTGC,ACACTC
417,negative,596,3.294227123260498,VT4291|0|MEMB006B|+|665,551,no,CCGAAA,AAGTGC,TCACTT
418,negative,650,1.0925933122634888,VT4291|0|MEMB002E|+|686,600,no,TAAAAA,AATATA,TCAAAA
419,negative,650,3.3556277751922607,VT4291|0|MEMB002F|+|702,596,no,AGTAAA,AATATC,AATTAT
420,negative,650,1.0925933122634888,VT4291|0|MEMB003B|+|680,615,no,TAAAAA,ATCATA,AATATT
421,negative,650,-0.8922998309135437,VT4291|0|MEMB003F|-|607,594,no,AATTAA,AATATC,AAATAA
422,negative,650,1.0925933122634888,VT4291|0|MEMB005D|+|630,605,no,ATAAAA,AATATC,AATAAA
423,negative,650,1.0925933122634888,VT4291|0|MEMB006A|-|633,607,no,CAAAAA,AATATC,ATAATA
424,negative,650,1.0925933122634888,VT4291|0|MEMB006B|+|665,600,no,CAAAAA,AATATC,ATATTT
425,positive,723,-4.155333995819092,VT4291|0|MEMB002E|+|686,673,no,AATTTT,GATTTG,GTGTTT
426,positive,723,4.317153453826903,VT4291|0|MEMB002F|+|702,669,no,TAACAT,AGCAAA,GTGATT
427,negative,746,3.3556277751922607,VT4291|0|MEMB002F|+|702,692,yes,TGTAAA,GTCGGA,ATTT
428,positive,488,-1.8922997713088991,VT4291|0|MEMB002A|-|493,476,no,TACTGA,TGCTGC,AAATAG
429,positive,488,-1.8922997713088991,VT4291|0|MEMB002B|-|482,465,no,TACTGA,TGCTGC,AAATAG
430,positive,488,-1.8922997713088991,VT4291|0|MEMB002C|+|487,470,no,TACTGA,TGCTGC,AAATAG
431,positive,488,-1.8922997713088991,VT4291|0|MEMB002D|-|535,457,no,TACTGA,TGCTGC,AAATAG
432,positive,488,-1.8922997713088991,VT4291|0|MEMB002E|+|686,468,no,TACTGA,TGCTGC,AAATAG
433,positive,488,-1.8922997713088991,VT4291|0|MEMB002F|+|702,459,no,TACTGA,TGCTGC,AAATAG
434,positive,488,-1.8922997713088991,VT4291|0|MEMB003A|-|479,462,no,TACTGA,TGCTGC,AAATAG
435,positive,488,4.317153453826903,VT4291|0|MEMB003B|+|680,468,no,TAACAA,TTTTTC,AATCCA
436,positive,488,-1.8922997713088991,VT4291|0|MEMB003C|+|493,476,no,TACTGA,TGCTGC,AAATAG
437,positive,488,-1.8922997713088991,VT4291|0|MEMB003D|+|538,462,no,TACTGA,TGCTGC,AAATAG
438,positive,488,-1.8922997713088991,VT4291|0|MEMB003F|-|607,462,no,TACTGA,TGCTGC,AAATAG
439,positive,488,-1.8922997713088991,VT4291|0|MEMB004A|+|482,465,no,TACTGA,TGCTGC,AAATAG
440,positive,488,-1.8922997713088991,VT4291|0|MEMB004B|+|474,457,no,TACTGA,TGCTGC,AAATAG
441,positive,488,-1.8922997713088991,VT4291|0|MEMB004E|+|478,461,no,TAGTGA,TGCTGC,AAATAG
442,positive,488,-1.8922997713088991,VT4291|0|MEMB005B|-|480,463,no,TACTGA,TGCTGC,AAATAG
443,positive,488,-1.8922997713088991,VT4291|0|MEMB005D|+|630,473,no,TACTGA,GCCTGC,AAATAG
444,positive,488,-1.8922997713088991,VT4291|0|MEMB006A|-|633,473,no,TACTGA,GCCTGC,AAATAG
445,positive,488,-1.8922997713088991,VT4291|0|MEMB006B|+|665,468,no,TACTGA,TGCTGC,AAATAG
446,positive,488,-5.140227317810059,VT4291|0|MEMB006C|+|480,463,no,TGCTGA,TGCTGC,AAATAG
447,positive,488,-1.8922997713088991,VT4291|0|MEMB007B|+|479,462,no,TACTGA,TGCTGC,AAATAG
448,positive,488,-1.8922997713088991,VT4291|0|MEMB007D|-|540,462,no,TACTGA,TGCTGC,AAATAG
449,positive,488,-5.140227317810059,VT4291|0|MEMB008C|+|482,465,no,TGCTGA,TGCTGC,AAATAG
450,positive,488,-1.8922997713088991,VT4291|0|dkik|+|479,462,no,TACTGA,TGCTGC,AAATAG
451,positive,567,2.3556277751922607,VT4291|0|MEMB002D|-|535,511,no,TAGAGC,TATCGA,GGAGCG
452,positive,567,2.3556277751922607,VT4291|0|MEMB002E|+|686,522,no,TAGAGC,TATCGA,GGATCG
453,positive,567,2.3556277751922607,VT4291|0|MEMB002F|+|702,513,no,TAGAGC,TATCGA,GGAGCG
454,positive,567,3.3556277751922607,VT4291|0|MEMB003B|+|680,547,no,TAAAGC,AATCGA,GGAACG
455,positive,567,2.3556277751922607,VT4291|0|MEMB003D|+|538,516,no,TAGAGC,TATCGA,GGCGCG
456,positive,567,2.3556277751922607,VT4291|0|MEMB003F|-|607,516,no,TAGAGC,TATCGA,GGAGCG
457,positive,567,3.3171534538269043,VT4291|0|MEMB005D|+|630,527,no,TAGCGC,TATCGA,GGAGCG
458,positive,567,3.3171534538269043,VT4291|0|MEMB006A|-|633,527,no,TAGCGC,TATCGA,GGAGCG
459,positive,567,2.3556277751922607,VT4291|0|MEMB006B|+|665,522,no,TACAGC,TATCGA,GGAGCG
460,positive,567,2.3556277751922607,VT4291|0|MEMB007D|-|540,516,no,TAGAGC,TATCGA,GGAGAG
461,positive,574,3.2557530403137207,VT4291|0|MEMB002D|-|535,518,no,GAGCGC,AGAGCG,TTTGGA
462,positive,574,3.2557530403137207,VT4291|0|MEMB002E|+|686,529,no,GATCGC,AGAGCG,TTTGGA
463,positive,574,3.2557530403137207,VT4291|0|MEMB002F|+|702,520,no,GAGCGC,AGAGCG,CTTGGA
464,positive,574,4.255753040313722,VT4291|0|MEMB003B|+|680,554,no,GAACGC,AAAGCG,TTTGGA
465,positive,574,1.0078254938125608,VT4291|0|MEMB003D|+|538,523,no,GCGCGT,AGAGCG,TGGAGA
466,positive,574,3.2557530403137207,VT4291|0|MEMB003F|-|607,523,no,GAGCGC,AGAGCG,CTTGGA
467,positive,574,3.2557530403137207,VT4291|0|MEMB005D|+|630,534,no,GAGCGC,AGCGCG,CTTGGA
468,positive,574,3.2557530403137207,VT4291|0|MEMB006A|-|633,534,no,GAGCGC,AGCGCG,CTTGGA
469,positive,574,3.2557530403137207,VT4291|0|MEMB006B|+|665,529,no,GAGCGC,ACAGCG,TTTGGA
470,positive,574,2.294227123260498,VT4291|0|MEMB007D|-|540,523,no,GAGAGC,AGAGCG,CTTGGA
471,positive,627,-3.2016279697418213,VT4291|0|MEMB002E|+|686,577,no,GCTGTT,ACGATG,GAGTGG
472,positive,627,-5.201627731323242,VT4291|0|MEMB002F|+|702,573,no,GTTGTT,GCGATG,GTGTCT
473,positive,627,3.3556277751922607,VT4291|0|MEMB003B|+|680,592,no,TAAATG,GTGTGA,GTGGCA
474,positive,627,-3.2016279697418213,VT4291|0|MEMB003F|-|607,571,no,GCTGTT,GCGATA,GAATGG
475,positive,627,-3.2016279697418213,VT4291|0|MEMB005D|+|630,582,no,GCTGTT,GCGATA,GAGAGA
476,positive,627,-3.2016279697418213,VT4291|0|MEMB006A|-|633,584,no,GCTGTT,GCGATA,GAGTGG
477,positive,627,-3.1553342342376713,VT4291|0|MEMB006B|+|665,577,no,AATGTT,GCGATA,GAGGGA
478,positive,654,-1.8922997713088991,VT4291|0|MEMB002E|+|686,604,no,TATTTT,TTTTTT,GATTTA
479,positive,654,-7.555264949798584,VT4291|0|MEMB002F|+|702,600,no,CTATAA,TTTTTA,TTGAAA
480,positive,654,3.3556277751922607,VT4291|0|MEMB003B|+|680,619,no,TAAATA,ATTTTT,TTTATT
481,positive,654,-6.140227317810059,VT4291|0|MEMB003F|-|607,598,no,TTTTAT,TTTTAA,TTA
482,positive,654,-8.403262138366701,VT4291|0|MEMB005D|+|630,609,no,ATTTTA,TTTTTT,TTTGAA
483,positive,654,-0.8922998309135437,VT4291|0|MEMB006A|-|633,611,no,TGTATT,TTTTTT,ATTTTA
484,positive,654,0.10770019143819808,VT4291|0|MEMB006B|+|665,604,no,TGAAAT,TTTTTT,ATTTAT
485,negative,660,1.054119110107422,VT4291|0|MEMB002E|+|686,610,no,TAAATC,AAAATA,CGTAAT
486,negative,660,1.1077002286911009,VT4291|0|MEMB002F|+|702,606,no,TTTCAA,TTATAG,ATCGTA
487,negative,660,3.3556277751922607,VT4291|0|MEMB003B|+|680,625,no,AATAAA,TATTTA,AATTTA
488,negative,660,0.94059020280838,VT4291|0|MEMB005D|+|630,615,no,TTCAAA,TAAAAT,ACTACA
489,negative,660,-3.1553342342376713,VT4291|0|MEMB006A|-|633,617,no,TAAAAT,AATACA,CTATAA
490,negative,660,-3.1553342342376713,VT4291|0|MEMB006B|+|665,610,no,ATAAAT,ATTTCA,AATTAA
491,negative,664,-4.155333995819092,VT4291|0|MEMB002E|+|686,614,no,TAATTA,AATCAA,ATACCG
492,negative,664,-1.8922997713088991,VT4291|0|MEMB002F|+|702,610,no,CGTATT,TCAATT,CAAAAT
493,negative,664,3.3556277751922607,VT4291|0|MEMB003B|+|680,629,no,TTTAAA,TAAATA,AATTAA
494,negative,664,-4.307337284088135,VT4291|0|MEMB005D|+|630,619,no,TACATT,CAAATA,AAAAC
495,negative,664,0.09259329736232758,VT4291|0|MEMB006A|-|633,621,no,ATAATA,AAATAA,AAAACT
496,negative,664,-3.1553342342376713,VT4291|0|MEMB006B|+|665,614,no,TTAAAT,AAATAT,CTGTAA
497,positive,666,-4.155333995819092,VT4291|0|MEMB002E|+|686,616,no,ATTACG,GATTTA,GTATTG
498,positive,666,-0.8922998309135437,VT4291|0|MEMB002F|+|702,612,no,TACGAT,TTGAAA,TTTGAT
499,positive,666,3.3556277751922607,VT4291|0|MEMB003B|+|680,631,no,TAAATT,TTTATT,AATTTA
500,positive,666,-0.8922998309135437,VT4291|0|MEMB005D|+|630,621,no,TGTAGT,TTTGAA,TTT
501,positive,666,-5.140227317810059,VT4291|0|MEMB006A|-|633,623,no,TTATAG,ATTTTA,TTTT
502,positive,666,-0.8922998309135437,VT4291|0|MEMB006B|+|665,616,no,TTAATT,ATTTAT,ACAGTT
503,negative,674,-3.3073372840881348,VT4291|0|MEMB002E|+|686,624,no,AACAAT,ACCGTA,CAACGC
504,negative,674,-4.155333995819092,VT4291|0|MEMB002F|+|702,620,no,GAATCA,AAATCG,TACAAG
505,negative,674,3.3556277751922607,VT4291|0|MEMB003B|+|680,639,no,TTTAAA,TTAATT,CCCCCA
506,negative,674,-4.155333995819092,VT4291|0|MEMB006B|+|665,624,no,AAAACT,GTAATT,AAATGC
507,positive,676,-5.140227317810059,VT4291|0|MEMB002E|+|686,626,no,TGTTGC,CGGTAT,GTTGCA
508,positive,676,-3.193808317184448,VT4291|0|MEMB002F|+|702,622,no,ATTCCT,ATTTTG,TGTAGT
509,positive,676,3.3556277751922607,VT4291|0|MEMB003B|+|680,641,no,TAAATG,TTAATT,GGGGCA
510,positive,676,-6.140227317810059,VT4291|0|MEMB006B|+|665,626,no,TTTTGC,TTACAG,ATTTTA
511,negative,702,-7.555264949798584,VT4291|0|MEMB002E|+|686,652,no,ATCGTT,AAAAGT,ATAATA
512,negative,702,1.054119110107422,VT4291|0|MEMB002F|+|702,648,no,ATAATC,AGAAAA,TACATT
513,negative,702,3.3556277751922607,VT4291|0|MEMB003B|+|680,667,no,ATTAAA,AAAATC,ATAAAT
514,negative,702,-8.555264472961426,VT4291|0|MEMB006B|+|665,652,no,ACCTTT,AAAAGT,ATCACA
515,negative,709,-0.8922998309135437,VT4291|0|MEMB002E|+|686,659,no,TATAAT,AATCGT,AATCAT
516,negative,709,-5.403261661529541,VT4291|0|MEMB002F|+|702,655,no,GTACAT,TATAAT,TGCTTA
517,negative,709,3.3556277751922607,VT4291|0|MEMB003B|+|680,674,yes,AATAAA,TATTAA,
518,negative,709,2.069226026535034,VT4291|0|MEMB006B|+|665,659,no,TATCAC,AACCTT,
519,negative,55,1.902116060256958,VT4291|0|MEMB002A|-|493,52,no,ACCAAC,CAGCCA,ACACCA
520,negative,55,1.902116060256958,VT4291|0|MEMB002B|-|482,43,no,ACCAAC,CAACCA,ACACCA
521,negative,55,1.902116060256958,VT4291|0|MEMB002C|+|487,46,no,ACCAAC,CAGCCA,ACACCA
522,negative,55,1.902116060256958,VT4291|0|MEMB002D|-|535,34,no,ACCAAC,GTCCTA,GCACCA
523,negative,55,1.902116060256958,VT4291|0|MEMB002E|+|686,44,no,ACCAAC,CAACGT,ACACCA
524,negative,55,1.902116060256958,VT4291|0|MEMB002F|+|702,35,no,ACCAAC,CAACGT,ACACCA
525,negative,55,1.902116060256958,VT4291|0|MEMB003A|-|479,38,no,ACCAAC,CAACGT,ACACCA
526,negative,55,1.902116060256958,VT4291|0|MEMB003B|+|680,48,no,ACCAAC,CAACCA,ACATCA
527,negative,55,4.317153453826903,VT4291|0|MEMB003C|+|493,52,no,ACTAAC,CAGCCA,ACACCA
528,negative,55,1.902116060256958,VT4291|0|MEMB003D|+|538,38,no,ACCAAC,CAACGT,ACACCA
529,negative,55,1.902116060256958,VT4291|0|MEMB003F|-|607,38,no,ACCAAC,CAACGT,ACACCA
530,negative,55,1.902116060256958,VT4291|0|MEMB004A|+|482,43,no,ACCAAC,CAACCA,ACACCA
531,negative,55,1.902116060256958,VT4291|0|MEMB004B|+|474,38,no,ACCAAC,CAACGT,ACACCA
532,negative,55,1.902116060256958,VT4291|0|MEMB004E|+|478,38,no,ACCAAC,CAACGT,ACACCA
533,negative,55,1.902116060256958,VT4291|0|MEMB005B|-|480,44,no,ACCAAC,CAACGT,ACACCA
534,negative,55,-3.3073372840881348,VT4291|0|MEMB005D|+|630,44,no,ACCAAT,CAACTT,ACATCA
535,negative,55,1.902116060256958,VT4291|0|MEMB006A|-|633,48,no,ACCAAC,CAACCA,ACACCA
536,negative,55,1.902116060256958,VT4291|0|MEMB006B|+|665,44,no,ACCAAC,CAACGT,ACATCA
537,negative,55,1.902116060256958,VT4291|0|MEMB006C|+|480,38,no,ACCAAC,CAACGT,ACACCA
538,negative,55,1.902116060256958,VT4291|0|MEMB007B|+|479,37,no,ACCAAC,GTCCTA,ACACCA
539,negative,55,1.902116060256958,VT4291|0|MEMB007C|+|441,35,no,ACCAAC,CAACGT,ACATCA
540,negative,55,1.902116060256958,VT4291|0|MEMB007D|-|540,36,no,ACCAAC,CAACGT,CACCAA
541,negative,55,1.902116060256958,VT4291|0|MEMB008C|+|482,41,no,ACCAAC,CAACGT,ACACCA
542,negative,55,1.902116060256958,VT4291|0|dkik|+|479,38,no,ACCAAC,CAACGT,ACACCA
543,negative,474,1.1077002286911009,VT4291|0|MEMB002A|-|493,463,no,CCTCAA,GAAAAA,CAGCAA
544,negative,474,1.1077002286911009,VT4291|0|MEMB002B|-|482,452,no,CCTCAA,GAAAAA,CAGCAA
545,negative,474,1.1077002286911009,VT4291|0|MEMB002C|+|487,457,no,CCTCAA,GAAAAA,CAGCAA
546,negative,474,1.1077002286911009,VT4291|0|MEMB002D|-|535,444,no,CCTCAA,GAAAAA,CAGCAA
547,negative,474,1.1077002286911009,VT4291|0|MEMB002E|+|686,455,no,CCTCAA,GAAAAA,CAGCAA
548,negative,474,1.1077002286911009,VT4291|0|MEMB002F|+|702,446,no,CCTCAA,GAAAAA,CAGCAA
549,negative,474,1.1077002286911009,VT4291|0|MEMB003A|-|479,449,no,TCTCAA,GAAAAA,CAGCAA
550,negative,474,-1.3073372840881348,VT4291|0|MEMB003B|+|680,454,no,AACCAA,GAAAAA,AAAAAA
551,negative,474,1.1077002286911009,VT4291|0|MEMB003C|+|493,463,no,CCTCAA,GAAAAA,CAGCAA
552,negative,474,1.1077002286911009,VT4291|0|MEMB003D|+|538,449,no,TCTCAA,GAAAAA,CAGCAA
553,negative,474,3.3556277751922607,VT4291|0|MEMB003F|-|607,449,no,CCTAAA,GAAAAA,CAGCAA
554,negative,474,1.1077002286911009,VT4291|0|MEMB004A|+|482,452,no,CCTCAA,GAAAAA,CAGCAA
555,negative,474,1.0925933122634888,VT4291|0|MEMB004B|+|474,448,no,GCAAAA,GAAAAA,GTAGCA
556,negative,474,1.1077002286911009,VT4291|0|MEMB004E|+|478,448,no,CCTCAA,GAAAAA,CAGCAA
557,negative,474,1.0925933122634888,VT4291|0|MEMB005B|-|480,454,no,GCAAAA,GAAAAA,GTAGCA
558,negative,474,1.1077002286911009,VT4291|0|MEMB005D|+|630,459,no,CCTCAA,GAAAAA,AGGCAA
559,negative,474,1.1077002286911009,VT4291|0|MEMB006A|-|633,459,no,CCTCAA,GAAAAA,AGGCAA
560,negative,474,1.1077002286911009,VT4291|0|MEMB006B|+|665,455,no,CCTCAA,GAAAAA,CAGCAA
561,negative,474,1.1077002286911009,VT4291|0|MEMB006C|+|480,449,no,CCTCAA,GAAAAA,AGCAAA
562,negative,474,1.1077002286911009,VT4291|0|MEMB007B|+|479,449,no,CCTCAA,GAAAAA,CAGCAA
563,negative,474,1.1077002286911009,VT4291|0|MEMB007D|-|540,449,no,CCTCAA,GAAAAA,CAGCAA
564,negative,474,0.10770019143819808,VT4291|0|MEMB008C|+|482,451,no,ACTCGA,GAAAAA,AGCAAA
565,negative,474,1.1077002286911009,VT4291|0|dkik|+|479,449,no,TCTCAA,GAAAAA,CAGCAA
566,negative,649,1.0925933122634888,VT4291|0|MEMB002E|+|686,599,no,AAAAAA,ATATAG,CAAAAT
567,negative,649,1.0925933122634888,VT4291|0|MEMB002F|+|702,595,no,GTAAAA,ATATCG,ATTATA
568,negative,649,1.0925933122634888,VT4291|0|MEMB003B|+|680,614,no,AAAAAA,TCATAA,ATATTT
569,negative,649,3.3556277751922607,VT4291|0|MEMB003F|-|607,593,no,ATTAAA,ATATCG,AATAAA
570,negative,649,1.0925933122634888,VT4291|0|MEMB005D|+|630,604,no,TAAAAA,ATATCG,ATAAAA
571,negative,649,1.0925933122634888,VT4291|0|MEMB006A|-|633,606,no,AAAAAA,ATATCG,TAATAC
572,negative,649,1.0925933122634888,VT4291|0|MEMB006B|+|665,599,no,AAAAAA,ATATCC,TATTTC
573,negative,655,-3.1553342342376713,VT4291|0|MEMB002E|+|686,605,no,CAAAAT,AAAAAA,TTAAAT
574,negative,655,2.3556277751922607,VT4291|0|MEMB002F|+|702,601,no,ATTATA,GTAAAA,ATTTCA
575,negative,655,-8.403262138366701,VT4291|0|MEMB003B|+|680,620,no,ATATTT,AAAAAA,AAATAA
576,negative,655,3.3556277751922607,VT4291|0|MEMB003F|-|607,599,no,AATAAA,ATTAAA,TA
577,negative,655,1.0925933122634888,VT4291|0|MEMB005D|+|630,610,no,ATAAAA,TAAAAA,ATTCAA
578,negative,655,-2.193808317184448,VT4291|0|MEMB006A|-|633,612,no,TAATAC,AAAAAA,ATAAAA
579,negative,655,-0.9307739734649658,VT4291|0|MEMB006B|+|665,605,no,TATTTC,AAAAAA,AATAAA
580,negative,659,-4.155333995819092,VT4291|0|MEMB002E|+|686,609,no,AAATCA,AAATAA,GTAATT
581,negative,659,-3.3073372840881348,VT4291|0|MEMB002F|+|702,605,no,TTCAAT,TATAGT,TCGTAT
582,negative,659,-3.1553342342376713,VT4291|0|MEMB003B|+|680,624,no,ATAAAT,ATTTAA,ATTTAA
583,negative,659,3.3556277751922607,VT4291|0|MEMB003F|-|607,603,yes,TAAA,TAAAAT,
584,negative,659,-3.1553342342376713,VT4291|0|MEMB005D|+|630,614,no,TCAAAT,AAAATA,CTACAT
585,negative,659,0.09259329736232758,VT4291|0|MEMB006A|-|633,616,no,AAAATA,ATACAA,TATAAT
586,negative,659,0.09259329736232758,VT4291|0|MEMB006B|+|665,609,no,TAAATA,TTTCAA,ATTAAA
587,negative,77,1.902116060256958,VT4291|0|MEMB002A|-|493,73,no,TTCAAC,GTACAT,TGGAAG
588,negative,77,1.902116060256958,VT4291|0|MEMB002B|-|482,64,no,TTCAAC,ATACAT,TGGAAG
589,negative,77,1.902116060256958,VT4291|0|MEMB002C|+|487,67,no,TTCAAC,GTACAT,TGGAAG
590,negative,77,1.902116060256958,VT4291|0|MEMB002D|-|535,55,no,TTCAAC,ATACAT,TGGAAG
591,negative,77,1.902116060256958,VT4291|0|MEMB002E|+|686,65,no,TTCAAC,ATACAT,TGGAAG
592,negative,77,1.902116060256958,VT4291|0|MEMB002F|+|702,56,no,TTCAAC,ATACAT,TGGAAG
593,negative,77,1.902116060256958,VT4291|0|MEMB003A|-|479,59,no,TTCAAC,ATACAT,TGGAAG
594,negative,77,1.902116060256958,VT4291|0|MEMB003B|+|680,69,no,TTCAAC,ATACAT,TGGAAG
595,negative,77,1.902116060256958,VT4291|0|MEMB003C|+|493,73,no,TTCAAC,GTACAT,TGGAAG
596,negative,77,1.902116060256958,VT4291|0|MEMB003D|+|538,59,no,TTCAAC,ATACAT,TGGAAG
597,negative,77,1.902116060256958,VT4291|0|MEMB003F|-|607,59,no,TTCAAC,ATACAT,TGGAAG
598,negative,77,1.902116060256958,VT4291|0|MEMB004A|+|482,64,no,TTCAAC,ATACAT,TGGAAG
599,negative,77,1.902116060256958,VT4291|0|MEMB004B|+|474,59,no,TTCAAC,ATTCAT,TGGAAG
600,negative,77,4.317153453826903,VT4291|0|MEMB004E|+|478,59,no,TTTAAC,ATACAT,TGGAAG
601,negative,77,1.902116060256958,VT4291|0|MEMB005B|-|480,65,no,TTCAAC,ATACAT,TGGAAG
602,negative,77,1.902116060256958,VT4291|0|MEMB005D|+|630,65,no,TTCAAC,ATACAT,TGGAAG
603,negative,77,1.902116060256958,VT4291|0|MEMB006A|-|633,69,no,TTCAAC,ATACAT,TGGAAG
604,negative,77,1.902116060256958,VT4291|0|MEMB006B|+|665,65,no,TTCAAC,ATACAT,TGGAAG
605,negative,77,1.902116060256958,VT4291|0|MEMB006C|+|480,59,no,TTCAAC,ATACAT,TGGAAG
606,negative,77,1.902116060256958,VT4291|0|MEMB007B|+|479,58,no,TTCAAC,GTACAT,TGGAAG
607,negative,77,1.902116060256958,VT4291|0|MEMB007C|+|441,56,no,TTCAAC,ATACAT,TGGAAG
608,negative,77,1.902116060256958,VT4291|0|MEMB007D|-|540,58,no,TTCAAC,ATACAT,TGGAAG
609,negative,77,1.902116060256958,VT4291|0|MEMB008C|+|482,62,no,TTCAAC,ATACAT,TGGAAG
610,negative,77,1.902116060256958,VT4291|0|dkik|+|479,59,no,TTCAAC,ATACAT,TGGAAG
611,positive,79,0.10770019143819808,VT4291|0|MEMB002A|-|493,75,no,TGAACT,GTACGT,TCCAGC
612,positive,79,0.10770019143819808,VT4291|0|MEMB002B|-|482,66,no,TGAACT,GTATGT,TCCAGC
613,positive,79,0.10770019143819808,VT4291|0|MEMB002C|+|487,69,no,TGAACT,GTACGT,TCCAGC
614,positive,79,0.10770019143819808,VT4291|0|MEMB002D|-|535,57,no,TGAACT,GTATGT,TCCAGC
615,positive,79,0.10770019143819808,VT4291|0|MEMB002E|+|686,67,no,TGAACT,GTATGT,TCCAGC
616,positive,79,0.10770019143819808,VT4291|0|MEMB002F|+|702,58,no,TGAACT,GTATGT,TCCAGC
617,positive,79,0.10770019143819808,VT4291|0|MEMB003A|-|479,61,no,TGAACT,GTATGT,TCCAGC
618,positive,79,0.10770019143819808,VT4291|0|MEMB003B|+|680,71,no,TGAACT,GTATGT,TCCAGC
619,positive,79,0.10770019143819808,VT4291|0|MEMB003C|+|493,75,no,TGAACT,GTACGT,TCCAGC
620,positive,79,0.10770019143819808,VT4291|0|MEMB003D|+|538,61,no,TGAACT,GTATGT,TCCAGC
621,positive,79,0.10770019143819808,VT4291|0|MEMB003F|-|607,61,no,TGAACT,GTATGT,TCCAGC
622,positive,79,0.10770019143819808,VT4291|0|MEMB004A|+|482,66,no,TGAACT,GTATGT,TCCAGC
623,positive,79,0.10770019143819808,VT4291|0|MEMB004B|+|474,61,no,TGAACT,GAATGT,TCCAGC
624,positive,79,3.3556277751922607,VT4291|0|MEMB004E|+|478,61,no,TAAACT,GTATGT,TCCAGC
625,positive,79,0.10770019143819808,VT4291|0|MEMB005B|-|480,67,no,TGAACT,GTATGT,TCCAGC
626,positive,79,0.10770019143819808,VT4291|0|MEMB005D|+|630,67,no,TGAACT,GTATGT,TCCAGC
627,positive,79,0.10770019143819808,VT4291|0|MEMB006A|-|633,71,no,TGAACT,GTATGT,TCCAGC
628,positive,79,0.10770019143819808,VT4291|0|MEMB006B|+|665,67,no,TGAACT,GTATGT,TCCAGC
629,positive,79,0.10770019143819808,VT4291|0|MEMB006C|+|480,61,no,TGAACT,GTATGT,TCCAGC
630,positive,79,0.10770019143819808,VT4291|0|MEMB007B|+|479,60,no,TGAACT,GTACGT,TCCAGC
631,positive,79,0.10770019143819808,VT4291|0|MEMB007C|+|441,58,no,TGAACT,GTATGT,TCCAGC
632,positive,79,0.10770019143819808,VT4291|0|MEMB007D|-|540,60,no,TGAACT,GTATGT,TCCAGC
633,positive,79,0.10770019143819808,VT4291|0|MEMB008C|+|482,64,no,TGAACT,GTATGT,TCCAGC
634,positive,79,0.10770019143819808,VT4291|0|dkik|+|479,61,no,TGAACT,GTATGT,TCCAGC
635,negative,342,3.3556277751922607,VT4291|0|MEMB005D|+|630,330,no,TGTAAA,TGCAAA,TCGCAG
636,negative,368,-1.3458114862442017,VT4291|0|MEMB002A|-|493,362,no,GACGAC,GGCGAG,AGGGAC
637,negative,368,-2.345811367034912,VT4291|0|MEMB002B|-|482,353,no,GACGCC,GGCGAG,AGGGAC
638,negative,368,-1.3458114862442017,VT4291|0|MEMB002C|+|487,356,no,GACGAC,GGCGAG,AGGGAC
639,negative,368,-1.3458114862442017,VT4291|0|MEMB002D|-|535,344,no,GACGAC,GGCGAG,AGGAAC
640,negative,368,-1.3458114862442017,VT4291|0|MEMB002E|+|686,354,no,GACGAC,GGCGAG,AGGAAC
641,negative,368,1.902116060256958,VT4291|0|MEMB002F|+|702,345,no,GACAAC,GGCGAG,AGGGAA
642,negative,368,-1.3458114862442017,VT4291|0|MEMB003A|-|479,348,no,GACGAC,GGCGAG,AGGGAC
643,negative,368,1.902116060256958,VT4291|0|MEMB003B|+|680,358,no,GACAAC,GGCGAG,AGGGAC
644,negative,368,-1.3458114862442017,VT4291|0|MEMB003C|+|493,362,no,GACGAC,GGCGAG,AGGGAC
645,negative,368,-1.3458114862442017,VT4291|0|MEMB003D|+|538,348,no,GACGAC,GGCGAG,AGGGAC
646,negative,368,-1.3458114862442017,VT4291|0|MEMB003F|-|607,348,no,GACGAC,GGCGAG,AGGGAC
647,negative,368,-2.345811367034912,VT4291|0|MEMB004A|+|482,353,no,GACGCC,GGCGAG,AGGGAC
648,negative,368,1.902116060256958,VT4291|0|MEMB004B|+|474,348,no,GTCAAC,GGCGAG,AGGGAC
649,negative,368,-1.3458114862442017,VT4291|0|MEMB004E|+|478,347,no,GACGAC,GGCGGA,AGGGAC
650,negative,368,1.902116060256958,VT4291|0|MEMB005B|-|480,354,no,GACAAC,GGCGAG,AGGGAC
651,negative,368,4.317153453826903,VT4291|0|MEMB005D|+|630,356,no,GTTAAC,GGCGAG,AGGGAC
652,negative,368,-1.3458114862442017,VT4291|0|MEMB006A|-|633,358,no,GACGAC,GGCGGG,AGGGAC
653,negative,368,-1.3458114862442017,VT4291|0|MEMB006B|+|665,354,no,GACGAC,GGCGAG,AGGGAC
654,negative,368,-1.3458114862442017,VT4291|0|MEMB006C|+|480,348,no,GACGAC,GGCGAG,AGGGAC
655,negative,368,-1.3458114862442017,VT4291|0|MEMB007B|+|479,347,no,GACGAC,GGCGAG,AGGGAC
656,negative,368,-1.3458114862442017,VT4291|0|MEMB007C|+|441,345,no,GACGAC,GGCGAG,AGGGAC
657,negative,368,0.007825496606528759,VT4291|0|MEMB007D|-|540,347,no,GAGGGC,GGCGAG,AGGAAA
658,negative,368,-1.3458114862442017,VT4291|0|MEMB008C|+|482,351,no,GACGAC,GGCGAG,AGGGAC
659,negative,368,-1.3458114862442017,VT4291|0|dkik|+|479,348,no,GACGAC,GGCGAG,AGGGAC
660,positive,370,-2.345811367034912,VT4291|0|MEMB002A|-|493,364,no,CGTCGT,CGCCGT,CCCTTC
661,positive,370,-2.345811367034912,VT4291|0|MEMB002B|-|482,355,no,CGTCGT,CGCCGG,CCCTTC
662,positive,370,-2.345811367034912,VT4291|0|MEMB002C|+|487,358,no,CGTCGT,CGCCGT,CCCTTC
663,positive,370,-2.345811367034912,VT4291|0|MEMB002D|-|535,346,no,CGTCGT,CGCCGT,TCCTGT
664,positive,370,-2.345811367034912,VT4291|0|MEMB002E|+|686,356,no,CGTCGT,CGCCGT,TCCTTT
665,positive,370,0.06922604143619537,VT4291|0|MEMB002F|+|702,347,no,TGTCTT,CGCCGT,CCCTTT
666,positive,370,-2.345811367034912,VT4291|0|MEMB003A|-|479,350,no,CGTCGT,CGCCGT,CCCTTT
667,positive,370,0.06922604143619537,VT4291|0|MEMB003B|+|680,360,no,TGTCGT,CGCCGT,CCCTTT
668,positive,370,-2.345811367034912,VT4291|0|MEMB003C|+|493,364,no,CGTCGT,CGCCGT,CCCTTC
669,positive,370,-2.345811367034912,VT4291|0|MEMB003D|+|538,350,no,CGTCGT,CGCCGT,CCCTTT
670,positive,370,-2.345811367034912,VT4291|0|MEMB003F|-|607,350,no,CGTCGT,CGCCGT,CCCTTT
671,positive,370,-2.345811367034912,VT4291|0|MEMB004A|+|482,355,no,CGTCGT,CGCCGG,CCCTTC
672,positive,370,1.0692260265350342,VT4291|0|MEMB004B|+|474,350,no,TGACGT,CGCCGT,CCCTTT
673,positive,370,-2.345811367034912,VT4291|0|MEMB004E|+|478,349,no,CGTCGT,CGCCGT,CCCTTT
674,positive,370,0.06922604143619537,VT4291|0|MEMB005B|-|480,356,no,TGTCGT,CGCCGT,CCCTTT
675,positive,370,4.317153453826903,VT4291|0|MEMB005D|+|630,358,no,TAACGT,CGCCGT,CCCTTT
676,positive,370,-2.345811367034912,VT4291|0|MEMB006A|-|633,360,no,CGTCGT,CGCCGT,CCCTTT
677,positive,370,-2.345811367034912,VT4291|0|MEMB006B|+|665,356,no,CGTCGT,CGCCGT,CCCTTT
678,positive,370,-2.345811367034912,VT4291|0|MEMB006C|+|480,350,no,CGTCGT,CGCCGT,CCCTTT
679,positive,370,-2.345811367034912,VT4291|0|MEMB007B|+|479,349,no,CGTCGT,CGCCGT,CCCTTC
680,positive,370,-2.345811367034912,VT4291|0|MEMB007C|+|441,347,no,CGTCGT,CGCCGT,CCCTTT
681,positive,370,-1.3458114862442017,VT4291|0|MEMB007D|-|540,349,no,CCTCTT,CGCCGC,TCCTTT
682,positive,370,-2.345811367034912,VT4291|0|MEMB008C|+|482,353,no,CGTCGT,CGCCGT,CCCTTT
683,positive,370,-2.345811367034912,VT4291|0|dkik|+|479,350,no,CGTCGT,CGCCGT,CCCTTT
684,negative,425,1.0925933122634888,VT4291|0|MEMB002A|-|493,415,no,GGAAAA,AGCAGC,AGCCCC
685,negative,425,1.0925933122634888,VT4291|0|MEMB002B|-|482,406,no,GGAAAA,AGCAGC,AGCCCC
686,negative,425,1.0925933122634888,VT4291|0|MEMB002C|+|487,409,no,GAAAAA,AGCAGC,AGCCCC
687,negative,425,1.0925933122634888,VT4291|0|MEMB002D|-|535,396,no,GGAAAA,GCAGCT,AGCCCT
688,negative,425,1.0925933122634888,VT4291|0|MEMB002E|+|686,407,no,GGAAAA,ATCAGT,AGCCCC
689,negative,425,1.0925933122634888,VT4291|0|MEMB002F|+|702,398,no,GGAAAA,AGCAGC,AGCTCC
690,negative,425,1.0925933122634888,VT4291|0|MEMB003A|-|479,401,no,GGAAAA,AGCAGC,AGCCCC
691,negative,425,1.0925933122634888,VT4291|0|MEMB003B|+|680,413,no,GGAAAA,GGCAAA,GGCCCC
692,negative,425,1.0925933122634888,VT4291|0|MEMB003C|+|493,415,no,GGAAAA,AGCAGC,AGCCCC
693,negative,425,1.0925933122634888,VT4291|0|MEMB003D|+|538,401,no,GGAAAA,AGCAGC,AGCCCC
694,negative,425,1.0925933122634888,VT4291|0|MEMB003F|-|607,401,no,GGAAAA,CGCAAA,AGCCCC
695,negative,425,1.0925933122634888,VT4291|0|MEMB004A|+|482,406,no,GGAAAA,AGCAGC,AGCCCC
696,negative,425,1.0925933122634888,VT4291|0|MEMB004B|+|474,401,no,GGAAAA,AGCAAA,AGCCCC
697,negative,425,1.0925933122634888,VT4291|0|MEMB004E|+|478,400,no,GGAAAA,AGCAAA,AGCCCC
698,negative,425,1.0925933122634888,VT4291|0|MEMB005B|-|480,406,no,GGAAAA,AACAAA,AGCCCC
699,negative,425,3.3556277751922607,VT4291|0|MEMB005D|+|630,410,no,CGTAAA,AGCAAA,AGTCCC
700,negative,425,3.294227123260498,VT4291|0|MEMB006A|-|633,411,no,CGGAAA,AGCAAA,AGCCCC
701,negative,425,1.0925933122634888,VT4291|0|MEMB006B|+|665,407,no,GGAAAA,AGCAAA,AGCCCC
702,negative,425,1.0925933122634888,VT4291|0|MEMB006C|+|480,401,no,GGAAAA,AGCAAA,AGCCCC
703,negative,425,1.0925933122634888,VT4291|0|MEMB007B|+|479,401,no,GGAAAA,CGCAGC,AGCCCC
704,negative,425,1.0925933122634888,VT4291|0|MEMB007C|+|441,398,no,GGAAAA,GGCAAA,GGACCT
705,negative,425,1.0925933122634888,VT4291|0|MEMB007D|-|540,400,no,GGAAAA,AGCAGG,AGCCCC
706,negative,425,1.0925933122634888,VT4291|0|MEMB008C|+|482,404,no,GGAAAA,AGCAAA,AGCCCC
707,negative,425,1.0925933122634888,VT4291|0|dkik|+|479,401,no,GGAAAA,AGCAGC,AGCCCC
708,positive,640,1.054119110107422,VT4291|0|MEMB002E|+|686,590,no,AACCTA,AGTGGC,TATTTT
709,positive,640,2.054119110107422,VT4291|0|MEMB002F|+|702,586,no,AAACGA,TGTCTC,TATTTT
710,positive,640,-3.1553342342376713,VT4291|0|MEMB003B|+|680,605,no,AAATTA,TGGCAC,TGATTT
711,positive,640,1.054119110107422,VT4291|0|MEMB003F|-|607,584,no,AAGCGA,AATGGC,TATTTT
712,positive,640,4.317153453826903,VT4291|0|MEMB005D|+|630,595,no,TAACGA,AGAGAC,TATTTT
713,positive,640,2.054119110107422,VT4291|0|MEMB006A|-|633,597,no,AAACGA,AGTGGC,TATTTT
714,positive,640,0.04629964381456375,VT4291|0|MEMB006B|+|665,590,no,GAAGGA,AGGGAC,TATTTT
715,negative,651,1.0925933122634888,VT4291|0|MEMB002E|+|686,601,no,ATAAAA,AAATAT,ATCAAA
716,negative,651,-0.9537003636360168,VT4291|0|MEMB002F|+|702,597,no,TAGTAA,AAATAT,CAATTA
717,negative,651,1.0925933122634888,VT4291|0|MEMB003B|+|680,616,no,TTAAAA,AATCAT,AAATAT
718,negative,651,-4.155333995819092,VT4291|0|MEMB003F|-|607,595,no,AAATTA,AAATAT,TAAATA
719,negative,651,3.3556277751922607,VT4291|0|MEMB005D|+|630,606,no,AATAAA,AAATAT,AAATAA
720,negative,651,1.0925933122634888,VT4291|0|MEMB006A|-|633,608,no,ACAAAA,AAATAT,AATAAT
721,negative,651,1.0925933122634888,VT4291|0|MEMB006B|+|665,601,no,TCAAAA,AAATAT,AATATT
722,negative,656,1.0925933122634888,VT4291|0|MEMB002E|+|686,606,no,TCAAAA,TAAAAA,ATTAAA
723,negative,656,-5.140227317810059,VT4291|0|MEMB002F|+|702,602,no,AATTAT,AGTAAA,TATTTC
724,negative,656,-1.8922997713088991,VT4291|0|MEMB003B|+|680,621,no,AATATT,TAAAAA,TAAATA
725,negative,656,-3.1553342342376713,VT4291|0|MEMB003F|-|607,600,no,AAATAA,AATTAA,T
726,negative,656,3.3556277751922607,VT4291|0|MEMB005D|+|630,611,yes,AATAAA,ATAAAA,CATTCA
727,negative,656,0.09259329736232758,VT4291|0|MEMB006A|-|633,613,no,ATAATA,CAAAAA,AATAAA
728,negative,656,-8.403262138366701,VT4291|0|MEMB006B|+|665,606,no,ATATTT,CAAAAA,AAATAA
729,positive,405,0.06922604143619537,VT4291|0|MEMB002A|-|493,397,no,TTACTC,TTGCGT,GGTGTA
730,positive,405,0.06922604143619537,VT4291|0|MEMB002B|-|482,388,no,TTACTC,TGTCGT,GGTGTA
731,positive,405,0.06922604143619537,VT4291|0|MEMB002C|+|487,391,no,TTACCC,TTGCGT,GGTGTA
732,positive,405,0.06922604143619537,VT4291|0|MEMB002D|-|535,379,no,TTACTT,GATCGC,CGGTTA
733,positive,405,0.06922604143619537,VT4291|0|MEMB002E|+|686,389,no,TTACTT,AGTCCC,CGGTTA
734,positive,405,0.06922604143619537,VT4291|0|MEMB002F|+|702,380,no,TTACTT,GGTCGT,TGTGCA
735,positive,405,0.06922604143619537,VT4291|0|MEMB003A|-|479,383,no,TTACTT,AGTCGC,CGATTA
736,positive,405,0.06922604143619537,VT4291|0|MEMB003B|+|680,394,no,TTACTT,GTCCGC,CGTTTT
737,positive,405,0.06922604143619537,VT4291|0|MEMB003C|+|493,397,no,TTACTC,TTGCGT,GGTGTA
738,positive,405,0.06922604143619537,VT4291|0|MEMB003D|+|538,383,no,TTACTT,AGTCGC,CGATTA
739,positive,405,0.06922604143619537,VT4291|0|MEMB003F|-|607,383,no,TTACTT,AGTCGC,CGTTTA
740,positive,405,0.06922604143619537,VT4291|0|MEMB004A|+|482,388,no,TTACTC,TGTCGT,GGTGTA
741,positive,405,0.06922604143619537,VT4291|0|MEMB004B|+|474,383,no,TTACTT,AGTTGC,CGGTTA
742,positive,405,0.06922604143619537,VT4291|0|MEMB004E|+|478,382,no,TTACTT,AGTCGC,CGGTTA
743,positive,405,2.069226026535034,VT4291|0|MEMB005B|-|480,389,no,TCACTT,GGTCGC,CGGTAT
744,positive,405,1.1077002286911009,VT4291|0|MEMB005D|+|630,392,no,TCAATT,AGTCGC,CGTTTA
745,positive,405,4.317153453826903,VT4291|0|MEMB006A|-|633,393,no,TAACTT,ACTCGC,CGTTTA
746,positive,405,-2.345811367034912,VT4291|0|MEMB006B|+|665,389,no,CTACTA,AGTCGC,CGTTTA
747,positive,405,0.06922604143619537,VT4291|0|MEMB006C|+|480,383,no,TTACTA,AGTCGC,CGTTTA
748,positive,405,0.06922604143619537,VT4291|0|MEMB007B|+|479,382,no,TTACTC,TTGCGT,GGTGTA
749,positive,405,0.06922604143619537,VT4291|0|MEMB007C|+|441,380,no,TTACTT,AGTCGC,CGTTTA
750,positive,405,2.069226026535034,VT4291|0|MEMB007D|-|540,382,no,TCACTT,AGTTGC,CGTTCA
751,positive,405,-6.140227317810059,VT4291|0|MEMB008C|+|482,386,no,TTTTCT,ATTCGC,CAGTTA
752,positive,405,0.06922604143619537,VT4291|0|dkik|+|479,383,no,TTACTT,AGTCGC,CGATTA
753,positive,625,0.06922604143619537,VT4291|0|MEMB002E|+|686,575,no,TGGCTG,TTACGA,TTGAGT
754,positive,625,-5.140227317810059,VT4291|0|MEMB002F|+|702,571,no,TGGTTG,CTGCGA,TTGTGT
755,positive,625,2.294227123260498,VT4291|0|MEMB003B|+|680,590,no,GATAAA,CTGTGT,TGGTGG
756,positive,625,3.3171534538269043,VT4291|0|MEMB003F|-|607,569,no,TAGCTG,CAGCGA,TTGAAT
757,positive,625,3.3171534538269043,VT4291|0|MEMB005D|+|630,580,no,TAGCTG,CAGCGA,TTGAGA
758,positive,625,3.3171534538269043,VT4291|0|MEMB006A|-|633,582,no,TAGCTG,CTGCGA,TTGAGT
759,positive,625,3.3556277751922607,VT4291|0|MEMB006B|+|665,575,no,TAAATG,CTGCGA,TTGAGG
760,negative,661,-3.1553342342376713,VT4291|0|MEMB002E|+|686,611,no,TTAAAT,CAAAAT,CCGTAA
761,negative,661,-1.8922997713088991,VT4291|0|MEMB002F|+|702,607,no,ATTTCA,ATTATA,AATCGT
762,negative,661,-3.1553342342376713,VT4291|0|MEMB003B|+|680,626,no,AAATAA,ATATTT,TAATTT
763,negative,661,1.1077002286911009,VT4291|0|MEMB005D|+|630,616,no,ATTCAA,ATAAAA,AACTAC
764,negative,661,1.0925933122634888,VT4291|0|MEMB006A|-|633,618,no,ATAAAA,TAATAC,ACTATA
765,negative,661,3.3556277751922607,VT4291|0|MEMB006B|+|665,611,no,AATAAA,TATTTC,TAATTA
766,negative,665,-4.155333995819092,VT4291|0|MEMB002E|+|686,615,no,GTAATT,AAATCA,AATACC
767,negative,665,-5.201627731323242,VT4291|0|MEMB002F|+|702,611,no,TCGTAT,TTCAAT,TCAAAA
768,negative,665,-0.8922998309135437,VT4291|0|MEMB003B|+|680,630,no,ATTTAA,ATAAAT,AAATTA
769,negative,665,-5.403261661529541,VT4291|0|MEMB005D|+|630,620,no,CTACAT,TCAAAT,AAAA
770,negative,665,-0.8922998309135437,VT4291|0|MEMB006A|-|633,622,no,TATAAT,AAAATA,AAAAC
771,negative,665,3.3556277751922607,VT4291|0|MEMB006B|+|665,615,no,ATTAAA,TAAATA,ACTGTA
772,negative,684,-0.8922998309135437,VT4291|0|MEMB002E|+|686,634,no,CATGCA,ACGCAA,CACATT
773,negative,684,-2.155334234237671,VT4291|0|MEMB002F|+|702,630,no,TTACTA,CAAGGA,TACATA
774,negative,684,0.06922604143619537,VT4291|0|MEMB003B|+|680,649,no,TGTGCC,CCCATT,ATACTT
775,negative,684,3.3556277751922607,VT4291|0|MEMB006B|+|665,634,no,ACTAAA,ATGCAA,CACGTT
776,positive,689,-0.9537003636360168,VT4291|0|MEMB002E|+|686,639,no,GAATGT,TTGCAT,GACTTT
777,positive,689,-7.403261661529541,VT4291|0|MEMB002F|+|702,635,no,ATATGT,GTAGTA,ATTTTC
778,positive,689,-2.155334234237671,VT4291|0|MEMB003B|+|680,654,no,AAAGTA,GGGCAC,TGATTT
779,positive,689,4.317153453826903,VT4291|0|MEMB006B|+|665,639,no,TAACGT,TTTTAG,GACTTT
780,negative,340,0.10770019143819808,VT4291|0|MEMB002A|-|493,336,no,TGTAAG,CAAATG,TCGCAG
781,negative,340,0.10770019143819808,VT4291|0|MEMB002B|-|482,327,no,TGTAAG,CAAATG,TCGCAG
782,negative,340,0.10770019143819808,VT4291|0|MEMB002C|+|487,330,no,TGTAAG,CAAATG,TCGCAG
783,negative,340,0.10770019143819808,VT4291|0|MEMB002D|-|535,318,no,TGTAAG,CAAATG,TCGCAG
784,negative,340,0.10770019143819808,VT4291|0|MEMB002E|+|686,328,no,TGTAAG,CAAATG,TCCAAG
785,negative,340,0.10770019143819808,VT4291|0|MEMB002F|+|702,319,no,TGTAAG,CAAATG,TCGAAG
786,negative,340,0.10770019143819808,VT4291|0|MEMB003A|-|479,322,no,TGTAAG,CAAATG,TCGTAG
787,negative,340,0.10770019143819808,VT4291|0|MEMB003B|+|680,332,no,TGTAAG,CAAATG,TCGCAG
788,negative,340,0.10770019143819808,VT4291|0|MEMB003C|+|493,336,no,TGTAAG,CAAATG,TCGCAG
789,negative,340,0.10770019143819808,VT4291|0|MEMB003D|+|538,322,no,TGTAAG,CAAATG,TCGTAG
790,negative,340,0.10770019143819808,VT4291|0|MEMB003F|-|607,322,no,TGTAAG,CAAATG,TCGCAG
791,negative,340,0.10770019143819808,VT4291|0|MEMB004A|+|482,327,no,TGTAAG,CAAATG,TCGCAG
792,negative,340,0.10770019143819808,VT4291|0|MEMB004B|+|474,322,no,CGTAAG,CCAATG,TTGCAG
793,negative,340,0.10770019143819808,VT4291|0|MEMB004E|+|478,322,no,TGTAAG,CAAATG,TCGCAG
794,negative,340,0.10770019143819808,VT4291|0|MEMB005B|-|480,328,no,CGTAAG,CCAATG,TCGCAG
795,negative,340,-3.1553342342376713,VT4291|0|MEMB005D|+|630,328,no,TAAATG,CAAATG,GCAGTG
796,negative,340,0.10770019143819808,VT4291|0|MEMB006A|-|633,332,no,TGTAAG,CAAATG,TCGCAG
797,negative,340,0.10770019143819808,VT4291|0|MEMB006B|+|665,328,no,TGTAAG,CAAATG,TCGCAG
798,negative,340,0.10770019143819808,VT4291|0|MEMB006C|+|480,322,no,TGTAAG,CAAATG,TCGCAG
799,negative,340,0.10770019143819808,VT4291|0|MEMB007B|+|479,321,no,TGTAAG,CAAATG,TCGCAG
800,negative,340,3.3556277751922607,VT4291|0|MEMB007C|+|441,319,no,TGTAAA,CAAATG,TCGCAG
801,negative,340,0.10770019143819808,VT4291|0|MEMB007D|-|540,321,no,TGTAAG,CAGATG,TCGCAG
802,negative,340,0.10770019143819808,VT4291|0|MEMB008C|+|482,325,no,TGTAAG,CAAATG,TCGCAG
803,negative,340,0.10770019143819808,VT4291|0|dkik|+|479,322,no,TGTAAG,CAAATG,TCGTAG
804,negative,315,1.0692260265350342,VT4291|0|MEMB002A|-|493,311,no,AGTGAC,AATCAA,AATGAA
805,negative,315,1.0692260265350342,VT4291|0|MEMB002B|-|482,302,no,AGTGAC,AATCAA,AATGAA
806,negative,315,1.0692260265350342,VT4291|0|MEMB002C|+|487,305,no,AGTGAC,AATCAA,AATGAA
807,negative,315,1.0692260265350342,VT4291|0|MEMB002D|-|535,293,no,AGTGAC,AATAAA,AATGAA
808,negative,315,1.0692260265350342,VT4291|0|MEMB002E|+|686,303,no,AGTGAC,AATCAA,AATGAA
809,negative,315,1.0692260265350342,VT4291|0|MEMB002F|+|702,294,no,AGTGAC,AATCAA,AATGAA
810,negative,315,1.0692260265350342,VT4291|0|MEMB003A|-|479,297,no,AGTGAC,AATCAA,AATGAA
811,negative,315,1.0692260265350342,VT4291|0|MEMB003B|+|680,307,no,AGTGAC,AATCAA,AATGAA
812,negative,315,1.0692260265350342,VT4291|0|MEMB003C|+|493,311,no,AGTGAC,AATCAA,AATGAA
813,negative,315,1.0692260265350342,VT4291|0|MEMB003D|+|538,297,no,AGTGAC,AATCAA,AATGAA
814,negative,315,1.0692260265350342,VT4291|0|MEMB003F|-|607,297,no,AGTGAC,AATCAA,AATGAA
815,negative,315,1.0692260265350342,VT4291|0|MEMB004A|+|482,302,no,AGTGAC,AATCAA,AATGAA
816,negative,315,1.0692260265350342,VT4291|0|MEMB004B|+|474,297,no,AGTGAC,AATCAA,AATGAA
817,negative,315,1.0692260265350342,VT4291|0|MEMB004E|+|478,297,no,AGTGAC,AATCAA,AATGAA
818,negative,315,1.0692260265350342,VT4291|0|MEMB005B|-|480,303,no,AGTGAC,AATCAA,AATGAA
819,negative,315,1.0692260265350342,VT4291|0|MEMB005D|+|630,303,no,AGTGAC,AATCAA,AATGAA
820,negative,315,1.0692260265350342,VT4291|0|MEMB006A|-|633,307,no,AGTGAC,AATCAA,AATGAA
821,negative,315,1.0692260265350342,VT4291|0|MEMB006B|+|665,303,no,AGTGAC,AATCAA,AATGAA
822,negative,315,1.0692260265350342,VT4291|0|MEMB006C|+|480,297,no,AGTGAC,AATCAA,AATGAA
823,negative,315,1.0692260265350342,VT4291|0|MEMB007B|+|479,296,no,AGTGAC,AATCAA,AATGAA
824,negative,315,1.0692260265350342,VT4291|0|MEMB007C|+|441,294,no,AGTGAC,AATCAA,AATGAA
825,negative,315,3.3556277751922607,VT4291|0|MEMB007D|-|540,296,no,AGTAAA,AATCAA,AATGAA
826,negative,315,1.0692260265350342,VT4291|0|MEMB008C|+|482,300,no,AGTGAC,AATCAA,AATGAA
827,negative,315,1.0692260265350342,VT4291|0|dkik|+|479,297,no,AGTGAC,AATCAA,AATGAA
828,positive,395,-4.155333995819092,VT4291|0|MEMB002A|-|493,388,no,AATTTG,CATCGA,CGTTTA
829,positive,395,-4.155333995819092,VT4291|0|MEMB002B|-|482,379,no,AATTGT,CATCGA,CGTTTA
830,positive,395,-4.155333995819092,VT4291|0|MEMB002C|+|487,382,no,AATTTG,CATCGA,CGTTTA
831,positive,395,-0.8922998309135437,VT4291|0|MEMB002D|-|535,370,no,TATGAT,CATAAA,CGCTTA
832,positive,395,2.3556277751922607,VT4291|0|MEMB002E|+|686,380,no,TATAGT,CATAAA,CCCTTA
833,positive,395,-3.1553342342376713,VT4291|0|MEMB002F|+|702,371,no,AATGGT,CATGGA,CGTTTA
834,positive,395,0.09259329736232758,VT4291|0|MEMB003A|-|479,374,no,AATAGT,CATAGA,CGCTTA
835,positive,395,0.09259329736232758,VT4291|0|MEMB003B|+|680,384,no,AATAGT,CATAGA,CCGCTT
836,positive,395,-4.155333995819092,VT4291|0|MEMB003C|+|493,388,no,AATTTG,CATCGA,CGTTTA
837,positive,395,0.09259329736232758,VT4291|0|MEMB003D|+|538,374,no,AATAGT,CATAGA,CGCTTA
838,positive,395,0.09259329736232758,VT4291|0|MEMB003F|-|607,374,no,AACAGT,CATAGA,CGCTTA
839,positive,395,-4.155333995819092,VT4291|0|MEMB004A|+|482,379,no,AATTGT,CATCGA,CGTTTA
840,positive,395,0.09259329736232758,VT4291|0|MEMB004B|+|474,374,no,AATAGT,CATAGA,TGCTTA
841,positive,395,0.09259329736232758,VT4291|0|MEMB004E|+|478,373,no,AATAGT,CATAGA,CGCTTA
842,positive,395,-3.1553342342376713,VT4291|0|MEMB005B|-|480,380,no,AATGGT,CATAGA,CGCTCA
843,positive,395,0.09259329736232758,VT4291|0|MEMB005D|+|630,383,no,AATAGT,ATGGGA,CGCTCA
844,positive,395,0.09259329736232758,VT4291|0|MEMB006A|-|633,384,no,AATACT,CATAGA,CGCTAA
845,positive,395,0.09259329736232758,VT4291|0|MEMB006B|+|665,380,no,AATAGT,CATAGA,CGCCTA
846,positive,395,0.09259329736232758,VT4291|0|MEMB006C|+|480,374,no,AATAGT,CATAGA,CGCTTA
847,positive,395,-4.155333995819092,VT4291|0|MEMB007B|+|479,373,no,AATTTG,CATCGA,CGTTTA
848,positive,395,0.09259329736232758,VT4291|0|MEMB007C|+|441,371,no,AATAGT,CATAGA,CGCTTA
849,positive,395,3.3556277751922607,VT4291|0|MEMB007D|-|540,373,no,TAAAGT,CATGGA,TGCTCA
850,positive,395,0.09259329736232758,VT4291|0|MEMB008C|+|482,377,no,AATATT,CATAGA,CGCTTT
851,positive,395,0.09259329736232758,VT4291|0|dkik|+|479,374,no,AATAGT,CATAGA,CGCTTA
852,negative,412,-0.19380836188793185,VT4291|0|MEMB002A|-|493,404,no,CTACAC,CGAGTA,AAGCAG
853,negative,412,-0.19380836188793185,VT4291|0|MEMB002B|-|482,395,no,CTACAC,CGAGTA,AAGCAG
854,negative,412,-0.19380836188793185,VT4291|0|MEMB002C|+|487,398,no,CTACAC,CGGGTA,AAGCAG
855,negative,412,1.054119110107422,VT4291|0|MEMB002D|-|535,386,no,CTAACC,GAAGTA,AAGCAG
856,negative,412,1.054119110107422,VT4291|0|MEMB002E|+|686,396,no,TTAACC,GAAGTA,AATCAG
857,negative,412,2.0078256130218506,VT4291|0|MEMB002F|+|702,387,no,CTGCAC,AAAGTA,AAGCAG
858,negative,412,1.054119110107422,VT4291|0|MEMB003A|-|479,390,no,CTAATC,GAAGTA,AAGCAG
859,negative,412,2.054119110107422,VT4291|0|MEMB003B|+|680,401,no,TAAAAC,GAAGTA,GGCAAA
860,negative,412,-0.19380836188793185,VT4291|0|MEMB003C|+|493,404,no,CTACAC,CGAGTA,AAGCAG
861,negative,412,1.054119110107422,VT4291|0|MEMB003D|+|538,390,no,CTAATC,GAAGTA,AAGCAG
862,negative,412,2.054119110107422,VT4291|0|MEMB003F|-|607,390,no,ATAAAC,GAAGTA,ACGCAA
863,negative,412,-0.19380836188793185,VT4291|0|MEMB004A|+|482,395,no,CTACAC,CGAGTA,AAGCAG
864,negative,412,1.054119110107422,VT4291|0|MEMB004B|+|474,390,no,ATAACC,GAAGTA,AAGCAA
865,negative,412,1.054119110107422,VT4291|0|MEMB004E|+|478,389,no,ATAACC,GAAGTA,AAGCAA
866,negative,412,3.3171534538269043,VT4291|0|MEMB005B|-|480,396,no,AATACC,GAAGTG,AAAACA
867,negative,412,2.054119110107422,VT4291|0|MEMB005D|+|630,399,no,ATAAAC,GAATTG,AAGCAA
868,negative,412,2.054119110107422,VT4291|0|MEMB006A|-|633,400,no,ATAAAC,GAAGTT,AAGCAA
869,negative,412,2.054119110107422,VT4291|0|MEMB006B|+|665,396,no,ATAAAC,GTAGTA,AAGCAA
870,negative,412,2.054119110107422,VT4291|0|MEMB006C|+|480,390,no,ATAAAC,GTAGTA,AAGCAA
871,negative,412,-0.19380836188793185,VT4291|0|MEMB007B|+|479,389,no,CTACAC,CGAGTA,CGCAGC
872,negative,412,2.054119110107422,VT4291|0|MEMB007C|+|441,387,no,ATAAAC,GAAGTA,AGGCAA
873,negative,412,4.255753040313722,VT4291|0|MEMB007D|-|540,389,yes,GTGAAC,GAAGTG,AAGCAG
874,negative,412,-4.155333995819092,VT4291|0|MEMB008C|+|482,393,no,ATAACT,GAGAAA,AAGCAA
875,negative,412,1.054119110107422,VT4291|0|dkik|+|479,390,no,CTAATC,GAAGTA,AAGCAG
876,positive,16,2.3556277751922607,VT4291|0|MEMB002A|-|493,16,no,tATATT,tgctgc,TAACGA
877,positive,16,2.3556277751922607,VT4291|0|MEMB002B|-|482,7,no,TATACT,TGCTGC,TAACGA
878,positive,16,2.3556277751922607,VT4291|0|MEMB002C|+|487,10,no,tATACT,tgctgc,TAACGA
879,positive,16,-0.8922998309135437,VT4291|0|MEMB002D|-|535,10,no,tgTATT,tgctgc,TAACGA
880,positive,16,-0.8922998309135437,VT4291|0|MEMB002E|+|686,16,no,tgtatt,tgctgc,taacGA
881,positive,16,-0.8922998309135437,VT4291|0|MEMB002F|+|702,7,no,TGTATT,TGCTGC,TAACGA
882,positive,16,-0.8922998309135437,VT4291|0|MEMB003A|-|479,10,no,TAATTT,TGCTGC,GATCGA
883,positive,16,-0.8922998309135437,VT4291|0|MEMB003B|+|680,16,no,tgtatt,tgctgc,taacGA
884,positive,16,2.3556277751922607,VT4291|0|MEMB003C|+|493,16,no,tATATT,tgctac,TAACGA
885,positive,16,-0.8922998309135437,VT4291|0|MEMB003D|+|538,10,no,TAATTT,TGCTGC,GATCGA
886,positive,16,-0.8922998309135437,VT4291|0|MEMB003F|-|607,10,no,tgTATT,tgctgc,TAACGA
887,positive,16,2.3556277751922607,VT4291|0|MEMB004A|+|482,7,no,TATACT,TGCTGC,TAACGA
888,positive,16,-0.8922998309135437,VT4291|0|MEMB004B|+|474,10,no,TGTATT,TGCTTC,TAACGA
889,positive,16,-0.8922998309135437,VT4291|0|MEMB004E|+|478,10,no,tgTACT,tgctgc,TAACGA
890,positive,16,-0.8922998309135437,VT4291|0|MEMB005B|-|480,16,no,tgTATT,tgctgc,TAACGA
891,positive,16,-0.8922998309135437,VT4291|0|MEMB005D|+|630,16,no,tgTATT,tgcttc,TAACGA
892,positive,16,-0.8922998309135437,VT4291|0|MEMB006A|-|633,16,no,tgTATT,tgctgc,TAACGA
893,positive,16,-0.8922998309135437,VT4291|0|MEMB006B|+|665,16,no,TGTATT,TGCTTC,CAACGA
894,positive,16,-0.8922998309135437,VT4291|0|MEMB006C|+|480,10,no,tgTATT,tgctgc,TAACGA
895,positive,16,2.3556277751922607,VT4291|0|MEMB007B|+|479,13,no,tATATT,tgctgc,TAACGA
896,positive,16,-0.8922998309135437,VT4291|0|MEMB007C|+|441,7,no,TGTATT,TGCTGC,TAACGA
897,positive,16,-6.140227317810059,VT4291|0|MEMB007D|-|540,10,no,TTTTTA,tgctTT,ACGATT
898,positive,16,3.3556277751922607,VT4291|0|MEMB008C|+|482,10,no,TAAACG,TGCTGC,ATTTAA
899,positive,16,-0.8922998309135437,VT4291|0|dkik|+|479,10,no,TAATTT,TGCTGC,TATCGA
