,strand,align_position,score,species_y,raw_position,raw_seq,before_seq,after_seq
0,positive,331,8.354093551635742,VT21536|0|MEMB002A|-|3308,288,TTATCC,CTGGCA,TCATCA
1,positive,331,0.5661913752555847,VT21536|0|MEMB002B|+|2874,270,TTATGC,GAGGCA,TCATCA
2,positive,331,8.354093551635742,VT21536|0|MEMB002D|-|3694,283,TTATCC,GTGGCA,TCATCA
3,positive,331,8.354093551635742,VT21536|0|MEMB002E|+|2855,275,TTATCC,ATGGCA,TCATCA
4,positive,331,-22.730712890625,VT21536|0|MEMB002F|-|2522,279,CTTTGG,ATAATG,TTCCTC
5,positive,331,8.354093551635742,VT21536|0|MEMB003A|-|2599,274,TTATCC,GTGGCA,TTCCCT
6,positive,331,8.354093551635742,VT21536|0|MEMB003B|-|2563,278,TTATCC,ACGGCA,TCATCA
7,positive,331,8.354093551635742,VT21536|0|MEMB003C|-|1995,291,TTATCC,CTGGCA,TCATCA
8,positive,331,0.5661913752555847,VT21536|0|MEMB003D|+|2522,274,TTATGC,GTGGCA,TTCCTC
9,positive,331,8.354093551635742,VT21536|0|MEMB003F|-|2830,273,TTATCC,ATGGCA,TCATCA
10,positive,331,-22.730712890625,VT21536|0|MEMB004A|+|1898,270,ATGCTC,CTGGCA,ATCAGC
11,positive,331,8.354093551635742,VT21536|0|MEMB004B|+|2243,279,TTATCC,ATGGCA,TCATCA
12,positive,331,8.354093551635742,VT21536|0|MEMB004E|+|2364,273,TTATCC,ATGGCA,TCATAA
13,positive,331,8.354093551635742,VT21536|0|MEMB005B|+|2225,276,TTATCC,ATGGCA,TCATCA
14,positive,331,8.354093551635742,VT21536|0|MEMB005D|+|2541,275,TTATCC,ATGGCA,TCATCA
15,positive,331,8.354093551635742,VT21536|0|MEMB006A|-|2615,276,TTATCC,ATGGCA,TCATCA
16,positive,331,8.354093551635742,VT21536|0|MEMB006B|-|2510,281,TTATCC,ATGGCA,TCATCA
17,positive,331,8.354093551635742,VT21536|0|MEMB006C|-|2346,282,TTATCC,ATGGCA,TCATCA
18,positive,331,8.354093551635742,VT21536|0|MEMB007C|-|1531,278,TTATCC,ATGACA,TCATCA
19,positive,331,8.354093551635742,VT21536|0|MEMB007D|-|2934,289,TTATCC,CTGGCA,TCATCA
20,positive,331,8.354093551635742,VT21536|0|MEMB008C|-|2569,279,TTATCC,TGGGCA,TCATCA
21,positive,331,8.354093551635742,VT21536|0|dkik|+|2548,277,TTATCC,GTGGCA,TTCCCT
22,negative,461,8.354093551635742,VT21536|0|MEMB002A|-|3308,402,TTATCC,TCGCCA,GCTTTT
23,negative,461,8.354093551635742,VT21536|0|MEMB002B|+|2874,384,TTATCC,ACGCCA,TGCTTT
24,negative,461,4.092426300048828,VT21536|0|MEMB002D|-|3694,398,TTATCT,ATGCCA,TGCCTT
25,negative,461,4.092426300048828,VT21536|0|MEMB002E|+|2855,390,TTATCT,TCGCCA,TGCTTT
26,negative,461,4.092426300048828,VT21536|0|MEMB002F|-|2522,397,TTATCT,TTGCTA,TATCTT
27,negative,461,-3.6954762935638423,VT21536|0|MEMB003A|-|2599,393,TTATTT,TTGCCA,ATGTTT
28,negative,461,-11.483378410339355,VT21536|0|MEMB003B|-|2563,394,ATATAT,TTGCCA,CTTTTT
29,negative,461,8.354093551635742,VT21536|0|MEMB003C|-|1995,405,TTATCC,TCGCCA,GCTTTT
30,negative,461,4.092426300048828,VT21536|0|MEMB003D|+|2522,392,TTATCT,TTGCCA,TGTTTT
31,negative,461,4.092426300048828,VT21536|0|MEMB003F|-|2830,375,TTATCT,TTTCCA,TACTTT
32,negative,461,8.354093551635742,VT21536|0|MEMB004A|+|1898,382,TTATCC,ACGCCA,TCTTTT
33,negative,461,4.092426300048828,VT21536|0|MEMB004B|+|2243,393,TTATCT,TTGCCA,GCGTTT
34,negative,461,4.092426300048828,VT21536|0|MEMB004E|+|2364,380,TTATCT,TTGCCG,TGCTTT
35,negative,461,0.6329947710037231,VT21536|0|MEMB005B|+|2225,390,TTATCA,TTGCCA,GCTTTT
36,negative,461,4.092426300048828,VT21536|0|MEMB005D|+|2541,389,TTATCT,TTGCCA,TGCTTT
37,negative,461,4.092426300048828,VT21536|0|MEMB006A|-|2615,396,TTATCT,TTGCCA,TGCTTT
38,negative,461,-3.6954762935638423,VT21536|0|MEMB006B|-|2510,396,TTATAT,TTGCCA,TGCTTT
39,negative,461,-3.6954762935638423,VT21536|0|MEMB007C|-|1531,393,TTATAT,TTGCCA,TGCTTT
40,negative,461,4.092426300048828,VT21536|0|MEMB007D|-|2934,403,TTATCT,TCGCCA,TGCTTT
41,negative,461,4.092426300048828,VT21536|0|MEMB008C|-|2569,395,TTATCT,TTGCCA,TGCTTT
42,negative,461,4.092426300048828,VT21536|0|dkik|+|2548,396,TTATCT,TTGCCA,TGTTTT
43,positive,1046,7.351160526275635,VT21536|0|MEMB002A|-|3308,830,TAATCT,AATATT,TTGATT
44,positive,1046,-15.945743560791016,VT21536|0|MEMB002B|+|2874,820,AATCCT,AATATT,TTTACT
45,positive,1046,-27.05622673034668,VT21536|0|MEMB002D|-|3694,947,TGCATA,GAAATT,TTTTCA
46,positive,1046,-8.157840728759767,VT21536|0|MEMB002F|-|2522,791,TATCCT,AATGTT,TTTAAT
47,positive,1046,-8.087793350219728,VT21536|0|MEMB003A|-|2599,704,TGTTCT,AAAAGT,GTTAAT
48,positive,1046,-8.157840728759767,VT21536|0|MEMB003B|-|2563,701,TATCCT,GGAATT,GTTAAT
49,positive,1046,7.351160526275635,VT21536|0|MEMB003C|-|1995,832,TAATCT,AATATT,TTGATT
50,positive,1046,-22.66390991210937,VT21536|0|MEMB003D|+|2522,682,TTTCTG,AAAAGT,GTAATT
51,positive,1046,-23.733646392822266,VT21536|0|MEMB003F|-|2830,680,AATCAT,AATCTT,TTCAAT
52,positive,1046,-15.945743560791016,VT21536|0|MEMB004A|+|1898,743,AATCCT,AATATT,TTTATT
53,positive,1046,-19.405176162719727,VT21536|0|MEMB005D|+|2541,654,TATCGA,AGTATT,GTCAAT
54,positive,1046,-23.5967960357666,VT21536|0|MEMB006A|-|2615,657,TCCATT,AATATC,ATTTAT
55,positive,1046,-0.4367419183254242,VT21536|0|MEMB006B|-|2510,638,TATTCT,AATATC,GTTAAT
56,positive,1046,-15.945743560791016,VT21536|0|MEMB006C|-|2346,632,TATCTT,AATGTT,GCTATT
57,positive,1046,-0.4367419183254242,VT21536|0|MEMB007C|-|1531,640,TATTCT,AATATT,GTTAAT
58,positive,1046,-23.5967960357666,VT21536|0|MEMB007D|-|2934,711,TGGCTT,TATATA,GGTAAA
59,positive,1046,-3.6954762935638423,VT21536|0|dkik|+|2548,677,TTTTCT,AAAAGT,GCTAAT
60,positive,1481,7.351160526275635,VT21536|0|MEMB002A|-|3308,1033,TAATCT,TTTCTG,CAAAAC
61,positive,1481,3.824925661087036,VT21536|0|MEMB002B|+|2874,989,TAATAC,TTTCCG,CAGAAC
62,positive,1481,-3.826126098632813,VT21536|0|MEMB002D|-|3694,1368,TCATAC,TATCAG,CAAAAT
63,positive,1481,-7.154907703399657,VT21536|0|MEMB002E|+|2855,624,TTAAAC,TATCAG,CAAAAT
64,positive,1481,-8.087793350219728,VT21536|0|MEMB002F|-|2522,929,TGATAT,TATCTG,GAGAGT
65,positive,1481,-3.896173477172852,VT21536|0|MEMB003A|-|2599,858,TAAAAC,TATCTA,AAAAAT
66,positive,1481,-7.154907703399657,VT21536|0|MEMB003B|-|2563,896,TTAAAC,AATCAG,CACAAT
67,positive,1481,7.351160526275635,VT21536|0|MEMB003C|-|1995,1014,TAATCT,TTTCTG,CAAAAC
68,positive,1481,3.824925661087036,VT21536|0|MEMB003D|+|2522,838,TAATAC,TATCTG,CAAAAT
69,positive,1481,0.5661913752555847,VT21536|0|MEMB003F|-|2830,871,TTATAC,TATCTC,CAGAAT
70,positive,1481,3.824925661087036,VT21536|0|MEMB004A|+|1898,934,TAATAC,TTTCCG,CAGAAC
71,positive,1481,0.5661913752555847,VT21536|0|MEMB004B|+|2243,678,TTATAC,TATCTC,CAGAAT
72,positive,1481,0.5661913752555847,VT21536|0|MEMB004E|+|2364,685,TTATAC,TATCTC,ACGAAT
73,positive,1481,0.5661913752555847,VT21536|0|MEMB005B|+|2225,673,TTATAC,TATCTC,CAGAAT
74,positive,1481,0.5661913752555847,VT21536|0|MEMB005D|+|2541,829,TTATGC,TATCTG,CAGAAT
75,positive,1481,-7.221711158752441,VT21536|0|MEMB006A|-|2615,849,TTTTGC,TATCTG,AAGAAT
76,positive,1481,0.5661913752555847,VT21536|0|MEMB006B|-|2510,842,TTATAC,TATCAG,CACAAT
77,positive,1481,-7.154907703399657,VT21536|0|MEMB006C|-|2346,809,TTAAGC,TATCTC,CAGAAT
78,positive,1481,-14.94281005859375,VT21536|0|MEMB007C|-|1531,836,CTAAAC,TATCAG,CACAAT
79,positive,1481,3.824925661087036,VT21536|0|MEMB007D|-|2934,899,TAATAC,TATCTG,ATGCCG
80,positive,1481,-15.875696182250975,VT21536|0|MEMB008C|-|2569,696,CCATAT,TATCTC,AAGAAT
81,positive,1481,3.824925661087036,VT21536|0|dkik|+|2548,840,TAATAC,TATCTG,CAAAAT
82,positive,1874,11.612828254699707,VT21536|0|MEMB002A|-|3308,1364,TAATCC,TCCCCA,CAGCTA
83,positive,1874,3.9617764949798575,VT21536|0|MEMB002B|+|2874,1347,TGATCC,TCTCCC,TGGCTA
84,positive,1874,11.612828254699707,VT21536|0|MEMB002C|+|2047,281,TAATCC,TCCCCA,CAGCTA
85,positive,1874,-11.684076309204102,VT21536|0|MEMB002D|-|3694,1722,TATCAC,CTGCCA,ATTTAC
86,positive,1874,-7.154907703399657,VT21536|0|MEMB002E|+|2855,973,TTACAC,CTCCCA,ATATTC
87,positive,1874,-19.204477310180664,VT21536|0|MEMB002F|-|2522,1256,TTCCAT,TCCTGA,ATCCCA
88,positive,1874,-0.4367419183254242,VT21536|0|MEMB003A|-|2599,1235,TATGCC,GTCCCA,CATATC
89,positive,1874,-11.54722499847412,VT21536|0|MEMB003B|-|2563,1266,tgtccc,caccca,atatcc
90,positive,1874,11.612828254699707,VT21536|0|MEMB003C|-|1995,1368,TAATCC,TCCCCA,CAGCTA
91,positive,1874,-0.4367419183254242,VT21536|0|MEMB003D|+|2522,1214,TATGCC,GTCCCA,CATATC
92,positive,1874,3.824925661087036,VT21536|0|MEMB003F|-|2830,1221,TATTCC,CACCCA,ATGTCC
93,positive,1874,3.9617764949798575,VT21536|0|MEMB004A|+|1898,1292,TGATCC,TCTCCC,TGGATA
94,positive,1874,3.824925661087036,VT21536|0|MEMB004B|+|2243,1033,TATTCC,CTCCCA,CATATC
95,positive,1874,3.824925661087036,VT21536|0|MEMB004E|+|2364,1027,TATTCC,CTCCCA,ATATCC
96,positive,1874,3.824925661087036,VT21536|0|MEMB005B|+|2225,1025,tattcc,ctccca,atatcc
97,positive,1874,-11.54722499847412,VT21536|0|MEMB005D|+|2541,1194,TGTCCC,CTCCCA,CATATC
98,positive,1874,3.9617764949798575,VT21536|0|MEMB006A|-|2615,1205,TGATCC,TTCCCA,CACTAT
99,positive,1874,-11.54722499847412,VT21536|0|MEMB006B|-|2510,1205,TGTCCC,TTCCCA,ATATCC
100,positive,1874,3.824925661087036,VT21536|0|MEMB006C|-|2346,1165,TATTCC,CTCCCA,ATATCC
101,positive,1874,11.612828254699707,VT21536|0|MEMB007B|-|1840,277,TAATCC,TCTCCC,TGGCTA
102,positive,1874,-11.54722499847412,VT21536|0|MEMB007C|-|1531,1204,TGTCCC,CTCCCA,CCATAT
103,positive,1874,-11.54722499847412,VT21536|0|MEMB007D|-|2934,1254,TGTCCC,CACGCA,ATATCC
104,positive,1874,3.824925661087036,VT21536|0|MEMB008C|-|2569,1048,TATTCC,CTCCCA,ATATCC
105,positive,1874,-0.4367419183254242,VT21536|0|dkik|+|2548,1216,TATGCC,GTCCCA,CAAATC
106,negative,2072,8.354093551635742,VT21536|0|MEMB002A|-|3308,1508,TTATCC,TTGCCG,GACATT
107,negative,2072,8.354093551635742,VT21536|0|MEMB002B|+|2874,1492,TTATCC,TTGCCA,GACATT
108,negative,2072,8.354093551635742,VT21536|0|MEMB002C|+|2047,425,TTATCC,TTGCCG,GACATT
109,negative,2072,8.354093551635742,VT21536|0|MEMB002D|-|3694,1902,TTATCC,TTGCCA,GACATT
110,negative,2072,8.354093551635742,VT21536|0|MEMB002E|+|2855,1150,TTATCC,TTGCCA,GACATT
111,negative,2072,8.354093551635742,VT21536|0|MEMB002F|-|2522,1393,TTATCC,TTGCCA,GACATT
112,negative,2072,8.354093551635742,VT21536|0|MEMB003A|-|2599,1401,TTATCC,TTGCCA,GACATT
113,negative,2072,8.354093551635742,VT21536|0|MEMB003B|-|2563,1440,TTATCC,TTGCCA,GACATT
114,negative,2072,8.354093551635742,VT21536|0|MEMB003C|-|1995,1512,TTATCC,TTGCCG,GACATT
115,negative,2072,8.354093551635742,VT21536|0|MEMB003D|+|2522,1380,TTATCC,TTGCCA,GACATT
116,negative,2072,8.354093551635742,VT21536|0|MEMB003F|-|2830,1398,TTATCC,TTGCCA,GACATT
117,negative,2072,8.354093551635742,VT21536|0|MEMB004A|+|1898,1437,TTATCC,TTGCCA,GACATT
118,negative,2072,8.354093551635742,VT21536|0|MEMB004B|+|2243,1212,TTATCC,TTGCCA,GACATT
119,negative,2072,8.354093551635742,VT21536|0|MEMB004E|+|2364,1191,TTATCC,TTGCCA,GGCATT
120,negative,2072,8.354093551635742,VT21536|0|MEMB005B|+|2225,1201,TTATCC,TTGCCA,GGCATT
121,negative,2072,8.354093551635742,VT21536|0|MEMB005D|+|2541,1364,TTATCC,TTGCCG,GACATT
122,negative,2072,8.354093551635742,VT21536|0|MEMB006A|-|2615,1393,TTATCC,TTGCCG,GACATT
123,negative,2072,8.354093551635742,VT21536|0|MEMB006B|-|2510,1377,TTATCC,TTGCCA,GACATT
124,negative,2072,8.354093551635742,VT21536|0|MEMB006C|-|2346,1342,TTATCC,TTGCCA,GGCATT
125,negative,2072,8.354093551635742,VT21536|0|MEMB007B|-|1840,421,TTATCC,TTGCCG,GACATT
126,negative,2072,8.354093551635742,VT21536|0|MEMB007C|-|1531,1383,TTATCC,TTGCCA,GACATT
127,negative,2072,8.354093551635742,VT21536|0|MEMB007D|-|2934,1418,TTATCC,TTGCCA,GACATT
128,negative,2072,0.5661913752555847,VT21536|0|MEMB008C|-|2569,1223,TTGTCC,TTGCCA,GACATT
129,negative,2072,8.354093551635742,VT21536|0|dkik|+|2548,1382,TTATCC,TTGCCA,GACATT
130,negative,2570,7.351160526275635,VT21536|0|MEMB002A|-|3308,1892,TAAGCC,AGCCCA,CTGGGG
131,negative,2570,7.351160526275635,VT21536|0|MEMB002B|+|2874,1867,TAAGCC,AGTCCA,CTGGGG
132,negative,2570,3.0894930362701416,VT21536|0|MEMB002C|+|2047,813,TAAGCT,AGCCCA,CTGGGG
133,negative,2570,7.351160526275635,VT21536|0|MEMB002D|-|3694,2263,TAAGCC,AGTCCA,CTGGGG
134,negative,2570,7.351160526275635,VT21536|0|MEMB002E|+|2855,1521,TAAGCC,AGTCCA,CTGGGG
135,negative,2570,7.351160526275635,VT21536|0|MEMB002F|-|2522,1755,TAAGCC,AGTCCA,CTGGGG
136,negative,2570,7.351160526275635,VT21536|0|MEMB003A|-|2599,1784,TAAGCC,AGTCCA,CTGGGG
137,negative,2570,7.351160526275635,VT21536|0|MEMB003B|-|2563,1818,TAAGCC,AGTCCA,CTGGGG
138,negative,2570,7.351160526275635,VT21536|0|MEMB003C|-|1995,1909,TAAGCC,AGCCCA,CTGGGG
139,negative,2570,7.351160526275635,VT21536|0|MEMB003D|+|2522,1757,TAAGCC,AGTCCA,CTGGGG
140,negative,2570,7.351160526275635,VT21536|0|MEMB003F|-|2830,1779,TAAGCC,AGTCCA,CTGGGG
141,negative,2570,7.351160526275635,VT21536|0|MEMB004A|+|1898,1812,TAAGCC,AGTCCA,CTGGGG
142,negative,2570,7.351160526275635,VT21536|0|MEMB004B|+|2243,1587,TAAGCC,AGTCCA,CTGGGG
143,negative,2570,7.351160526275635,VT21536|0|MEMB004E|+|2364,1580,TAAGCC,AGTCCA,CTGGGG
144,negative,2570,7.351160526275635,VT21536|0|MEMB005B|+|2225,1584,TAAGCC,AGTCCA,CTGGGG
145,negative,2570,7.351160526275635,VT21536|0|MEMB005D|+|2541,1743,TAAGCC,AGTCCA,CTGGGG
146,negative,2570,7.351160526275635,VT21536|0|MEMB006A|-|2615,1751,TAAGCC,AGTCCA,CTGGGG
147,negative,2570,7.351160526275635,VT21536|0|MEMB006B|-|2510,1783,TAAGCC,AGTCCA,CTGGGG
148,negative,2570,7.351160526275635,VT21536|0|MEMB006C|-|2346,1723,TAAGCC,AGTCCA,CTGGGG
149,negative,2570,7.351160526275635,VT21536|0|MEMB007B|-|1840,808,TAAGCC,AGCCCA,CTGGGG
150,negative,2570,7.351160526275635,VT21536|0|MEMB007D|-|2934,1784,TAAGCC,AGTCCA,CTGGGG
151,negative,2570,7.351160526275635,VT21536|0|MEMB008C|-|2569,1623,TAAGCC,AGTCCA,CTGGGG
152,negative,2570,7.351160526275635,VT21536|0|dkik|+|2548,1768,TAAGCC,AGTCCC,CTGGGG
153,positive,1045,-7.154907703399657,VT21536|0|MEMB002A|-|3308,829,TTAATC,TAATAT,TTTGAT
154,positive,1045,11.612828254699707,VT21536|0|MEMB002B|+|2874,819,TAATCC,TAATAT,TTTTAC
155,positive,1045,-19.204477310180664,VT21536|0|MEMB002D|-|3694,946,TTGCAT,GGAAAT,ATTTTC
156,positive,1045,8.354093551635742,VT21536|0|MEMB002F|-|2522,790,TTATCC,AAATGT,TTTTAA
157,positive,1045,-7.221711158752441,VT21536|0|MEMB003A|-|2599,703,TTGTTC,TAAAAG,TGTTAA
158,positive,1045,8.354093551635742,VT21536|0|MEMB003B|-|2563,700,TTATCC,AGGAAT,TGTTAA
159,positive,1045,-7.154907703399657,VT21536|0|MEMB003C|-|1995,831,TTAATC,TAATAT,TTTGAT
160,positive,1045,-3.6954762935638423,VT21536|0|MEMB003D|+|2522,681,TTTTCT,TAAAAG,GGTAAT
161,positive,1045,3.8917291164398193,VT21536|0|MEMB003F|-|2830,679,TAATCA,TAATCT,TTTCAA
162,positive,1045,11.612828254699707,VT21536|0|MEMB004A|+|1898,742,TAATCC,TAATAT,TTTTAT
163,positive,1045,0.6329947710037231,VT21536|0|MEMB005D|+|2541,653,TTATCG,CAGTAT,AGTCAA
164,positive,1045,-26.992380142211914,VT21536|0|MEMB006A|-|2615,656,CTCCAT,CAATAT,TATTTA
165,positive,1045,-7.221711158752441,VT21536|0|MEMB006B|-|2510,637,CTATTC,TAATAT,TGTTAA
166,positive,1045,4.092426300048828,VT21536|0|MEMB006C|-|2346,631,TTATCT,AAATGT,TGCTAT
167,positive,1045,0.5661913752555847,VT21536|0|MEMB007C|-|1531,639,TTATTC,CAATAT,TGTTAA
168,positive,1045,-15.745046615600586,VT21536|0|MEMB007D|-|2934,710,ATGGCT,TTATAT,TGGTAA
169,positive,1045,-7.221711158752441,VT21536|0|dkik|+|2548,676,TTTTTC,TAAAAG,TGCTAA
170,positive,404,-8.224644660949707,VT21536|0|MEMB002A|-|3308,349,TAGGGC,AGGACA,ATGCTA
171,positive,404,-8.224644660949707,VT21536|0|MEMB002B|+|2874,331,TAGGGC,AGGACA,GTGCCA
172,positive,404,7.351160526275635,VT21536|0|MEMB002D|-|3694,344,TAAGCC,AAGACA,GTGCCA
173,positive,404,7.351160526275635,VT21536|0|MEMB002E|+|2855,337,TAAGCC,AAAACA,GCGCCA
174,positive,404,-0.4367419183254242,VT21536|0|MEMB002F|-|2522,344,TAAGGC,AAGACA,GACCCA
175,positive,404,-0.4367419183254242,VT21536|0|MEMB003A|-|2599,340,TAAGGC,AAGACA,GTGCCA
176,positive,404,-0.4367419183254242,VT21536|0|MEMB003B|-|2563,340,TAAGGC,AAGACA,GTGCCA
177,positive,404,-8.224644660949707,VT21536|0|MEMB003C|-|1995,352,TAGGGC,AGGACA,ATGCTA
178,positive,404,-0.4367419183254242,VT21536|0|MEMB003D|+|2522,339,TAAGGC,AAGACA,TTGCCA
179,positive,404,-0.4367419183254242,VT21536|0|MEMB003F|-|2830,334,TAAGGC,AAGACA,GTGCCA
180,positive,404,-8.224644660949707,VT21536|0|MEMB004A|+|1898,329,TAGGGC,AGGACA,GTGCCA
181,positive,404,-0.4367419183254242,VT21536|0|MEMB004B|+|2243,340,TAAGGC,AAGACA,GTGCCA
182,positive,404,-0.4367419183254242,VT21536|0|MEMB004E|+|2364,334,TAAGGC,AAGACA,GTGCAC
183,positive,404,-0.4367419183254242,VT21536|0|MEMB005B|+|2225,337,TAAGGC,AAGACA,GTGCCA
184,positive,404,-0.4367419183254242,VT21536|0|MEMB005D|+|2541,336,TAAGGC,AAGACA,GTGCCA
185,positive,404,-0.4367419183254242,VT21536|0|MEMB006A|-|2615,343,TAAGGC,AAGACA,GGGCCA
186,positive,404,-0.4367419183254242,VT21536|0|MEMB006B|-|2510,342,TAAGGC,AAGACA,GTGCCG
187,positive,404,-0.4367419183254242,VT21536|0|MEMB006C|-|2346,343,TAAGGC,AAGACA,GTGCCA
188,positive,404,-0.4367419183254242,VT21536|0|MEMB007C|-|1531,340,TAAGGC,AAGACA,GTGCTA
189,positive,404,-0.4367419183254242,VT21536|0|MEMB007D|-|2934,350,TAAGGC,AAGACA,GACCCA
190,positive,404,-0.4367419183254242,VT21536|0|MEMB008C|-|2569,340,TAAGGC,AAGACA,GTGTGC
191,positive,404,-0.4367419183254242,VT21536|0|dkik|+|2548,343,TAAGGC,AAGACA,GTGCCA
192,positive,645,-27.05622673034668,VT21536|0|MEMB002A|-|3308,541,ACAAAA,CAAACG,AAAAAA
193,positive,645,-23.5967960357666,VT21536|0|MEMB002B|+|2874,530,ACAAAT,CCAATA,AAAATA
194,positive,645,7.351160526275635,VT21536|0|MEMB002D|-|3694,546,TAATCT,AATAAA,AGAAAA
195,positive,746,7.351160526275635,VT21536|0|MEMB002D|-|3694,647,taagcc,cataac,aaaaat
196,positive,746,-3.6954762935638423,VT21536|0|MEMB007D|-|2934,615,TTATAT,AAGAAA,ACAACG
197,positive,762,-19.204477310180664,VT21536|0|MEMB002A|-|3308,638,CTACtt,AGGCAC,aactta
198,positive,762,7.351160526275635,VT21536|0|MEMB002D|-|3694,663,taatct,atgcaa,taattc
199,positive,762,-19.204477310180664,VT21536|0|MEMB003C|-|1995,640,CTACTT,AGGCAC,AACTTA
200,positive,1123,-11.41657543182373,VT21536|0|MEMB002A|-|3308,882,TTACTT,TCATAT,TAGAAT
201,positive,1123,-7.154907703399657,VT21536|0|MEMB002B|+|2874,872,TTACTC,TCATAA,TAGAAT
202,positive,1123,7.351160526275635,VT21536|0|MEMB002D|-|3694,1024,taagcc,cataac,aaaaat
203,positive,1123,-11.41657543182373,VT21536|0|MEMB003B|-|2563,753,TTCCCT,CATATA,TAAAAT
204,positive,1123,-7.154907703399657,VT21536|0|MEMB003C|-|1995,876,TTACTC,TCATAT,TAGAAT
205,positive,1123,-19.204477310180664,VT21536|0|MEMB003F|-|2830,732,GTTCCT,TATATA,TAAGAT
206,positive,1123,-7.154907703399657,VT21536|0|MEMB004A|+|1898,795,TTACAC,TTATAA,TCGAAC
207,positive,1123,-7.221711158752441,VT21536|0|MEMB006A|-|2615,709,GTTTCC,AACATA,TAAGAT
208,positive,1123,0.5661913752555847,VT21536|0|MEMB006B|-|2510,701,TTTTCC,ATTCCC,TAACAT
209,positive,1123,-19.204477310180664,VT21536|0|MEMB007C|-|1531,695,GTTCCT,GTTGTA,TAAAAT
210,positive,1123,-3.6954762935638423,VT21536|0|MEMB007D|-|2934,773,ATATCT,ACAATA,AACCTT
211,positive,1559,-0.4367419183254242,VT21536|0|MEMB002A|-|3308,1082,CAATCT,AAATCT,TTTTAA
212,positive,1559,-0.4367419183254242,VT21536|0|MEMB002B|+|2874,1062,CAATCT,AAATCT,TTTTAA
213,positive,1559,7.351160526275635,VT21536|0|MEMB002D|-|3694,1432,TAATCT,AGATTT,TTTTAA
214,positive,1559,-0.4367419183254242,VT21536|0|MEMB002E|+|2855,688,CAATCT,AGATTT,TTTTAA
215,positive,1559,-8.087793350219728,VT21536|0|MEMB002F|-|2522,959,CCATCT,AAATCT,TTTTAA
216,positive,1559,-0.4367419183254242,VT21536|0|MEMB003A|-|2599,931,CAATCT,AAATCT,TTTTAA
217,positive,1559,-0.4367419183254242,VT21536|0|MEMB003B|-|2563,960,CAATCT,AGATTT,TTTTAA
218,positive,1559,-0.4367419183254242,VT21536|0|MEMB003C|-|1995,1086,CAATCT,AAATCT,TTTTAA
219,positive,1559,-3.896173477172852,VT21536|0|MEMB003D|+|2522,910,CAATCA,AAATCT,TTTTAA
220,positive,1559,-0.4367419183254242,VT21536|0|MEMB003F|-|2830,935,CAATCT,AGATTT,TTTTAA
221,positive,1559,-0.4367419183254242,VT21536|0|MEMB004A|+|1898,1007,CAATCT,AAATCT,TTTTAA
222,positive,1559,-0.4367419183254242,VT21536|0|MEMB004B|+|2243,743,CAATCT,AGATTT,TTTTAA
223,positive,1559,-0.4367419183254242,VT21536|0|MEMB004E|+|2364,750,CAATCT,CGATTT,TTTTAA
224,positive,1559,-3.896173477172852,VT21536|0|MEMB005B|+|2225,738,CAATCA,AGATTT,TTTTAA
225,positive,1559,-0.4367419183254242,VT21536|0|MEMB005D|+|2541,893,CAATCT,AGATTT,TTTTAA
226,positive,1559,-0.4367419183254242,VT21536|0|MEMB006A|-|2615,913,CAATCT,AGATTT,TTTTAA
227,positive,1559,-0.4367419183254242,VT21536|0|MEMB006B|-|2510,897,CAATCT,AGATTT,TTTTAA
228,positive,1559,-0.4367419183254242,VT21536|0|MEMB006C|-|2346,874,CAATCT,AGATTT,TTTTAA
229,positive,1559,-0.4367419183254242,VT21536|0|MEMB007C|-|1531,900,CAATCT,AGATTT,TTTTAA
230,positive,1559,7.351160526275635,VT21536|0|MEMB007D|-|2934,956,TAATCT,AAATCC,TTTTAA
231,positive,1559,-0.4367419183254242,VT21536|0|MEMB008C|-|2569,761,CAATCT,AGATTT,TTTTAA
232,positive,1559,-3.896173477172852,VT21536|0|dkik|+|2548,913,CAATCG,AAATCT,TTTTAA
233,positive,3710,-19.405176162719727,VT21536|0|MEMB002A|-|3308,2843,AATCCG,TTCTAC,TAAAAG
234,positive,3710,-11.684076309204102,VT21536|0|MEMB002B|+|2874,2343,AATTCA,TTAAAG,TAAAAG
235,positive,3710,-19.47197914123535,VT21536|0|MEMB002C|+|2047,1595,AATTTA,TTCTAC,AAAGAG
236,positive,3710,7.351160526275635,VT21536|0|MEMB002D|-|3694,3213,taatct,atttat,ataaaa
237,positive,3710,-11.684076309204102,VT21536|0|MEMB002E|+|2855,2351,AAGTCA,ATCTAA,GAAAAA
238,positive,3710,-14.94281005859375,VT21536|0|MEMB002F|-|2522,2076,ATTCCC,TTCTAC,TAAAAG
239,positive,3710,-8.224644660949707,VT21536|0|MEMB003A|-|2599,2175,AAATTT,TTCTAT,GATAAC
240,positive,3710,-11.684076309204102,VT21536|0|MEMB003B|-|2563,2170,AATTCG,ACTCAA,TAGAAG
241,positive,3710,-8.224644660949707,VT21536|0|MEMB003D|+|2522,2095,AAATTT,TTCTAT,GATAAC
242,positive,3710,-11.684076309204102,VT21536|0|MEMB003F|-|2830,2392,AAGTCG,AACTAC,TAGAAG
243,positive,3710,-19.405176162719727,VT21536|0|MEMB004B|+|2243,1824,AAGCCA,TACGAC,TAGAAG
244,positive,3710,-19.405176162719727,VT21536|0|MEMB004E|+|2364,1955,AAGCCG,TACTAC,TAGACT
245,positive,3710,-11.61727237701416,VT21536|0|MEMB005B|+|2225,1810,AAACCG,TACGAC,TAGAAG
246,positive,3710,-31.38469696044922,VT21536|0|MEMB005D|+|2541,2115,AGTCTT,TTCTAC,TTGAAA
247,positive,3710,-27.193077087402344,VT21536|0|MEMB006A|-|2615,2162,AATCTA,TTCTAC,TTGAAA
248,positive,3710,-11.684076309204102,VT21536|0|MEMB006B|-|2510,2104,AATTCG,ATTTTA,TAAAAG
249,positive,3710,-19.47197914123535,VT21536|0|MEMB007B|-|1840,1370,AATTTA,AACTAC,AAGAGT
250,positive,3710,-19.204477310180664,VT21536|0|MEMB007D|-|2934,2447,ATCCCT,TAGTAC,AACTAG
251,positive,3710,-19.405176162719727,VT21536|0|MEMB008C|-|2569,2153,AAGCCG,TATTAC,TAGAAG
252,positive,3710,-8.224644660949707,VT21536|0|dkik|+|2548,2122,AAATTT,TTCTAT,GATAAC
253,negative,3765,-14.94281005859375,VT21536|0|MEMB002A|-|3308,2880,TTCTGA,TTTTGC,ATCTGT
254,negative,3765,-19.33512687683105,VT21536|0|MEMB002B|+|2874,2380,TGTTTA,TGTTAC,AACATC
255,negative,3765,7.351160526275635,VT21536|0|MEMB002D|-|3694,3253,TAATCT,TAATTC,AAGCAT
256,negative,3765,-11.483378410339355,VT21536|0|MEMB002E|+|2855,2403,TTTTTT,AACAAA,TGTTGA
257,negative,3765,-19.204477310180664,VT21536|0|MEMB002F|-|2522,2113,TTCGAA,TATTGC,AACTGT
258,negative,3765,-19.204477310180664,VT21536|0|MEMB005D|+|2541,2152,TTCGGA,TGTTGA,TGTAGT
259,negative,3765,-19.204477310180664,VT21536|0|MEMB006A|-|2615,2199,TTCGGA,CGTTTA,TACTGC
260,negative,3765,-14.94281005859375,VT21536|0|MEMB007B|-|1840,1406,TTCTGA,TTTTGC,ATCTGT
261,negative,3765,-19.204477310180664,VT21536|0|MEMB007D|-|2934,2487,TTTGGA,TGTGGT,AACTGC
262,negative,2991,-15.945743560791016,VT21536|0|MEMB002A|-|3308,2234,TATCAT,TCATAT,AAAATG
263,negative,2991,-20.274213790893555,VT21536|0|MEMB002C|+|2047,1145,AATGTT,TATTTA,CATTTT
264,negative,2991,-22.66390991210937,VT21536|0|MEMB002D|-|3694,2629,TTTATA,ATACCC,ACTAAA
265,negative,2991,11.612828254699707,VT21536|0|MEMB002E|+|2855,1892,TAATCC,CTGCAA,ACTATA
266,negative,2991,-8.224644660949707,VT21536|0|MEMB007B|-|1840,1130,TATTTT,TTATTA,GAATTT
267,negative,2991,-15.945743560791016,VT21536|0|MEMB007D|-|2934,2117,CAAAAT,ATCGAT,ATCAAA
268,negative,2991,-19.33512687683105,VT21536|0|MEMB008C|-|2569,1974,TCTCTC,CCTTTC,TCTCTC
269,positive,16,-11.54722499847412,VT21536|0|MEMB002A|-|3308,12,TCCACC,CCACCA,ACCAGC
270,positive,16,-11.54722499847412,VT21536|0|MEMB002B|+|2874,9,tccacc,ccacca,accacc
271,positive,16,-15.808893203735352,VT21536|0|MEMB002D|-|3694,12,CCAGCA,CCACCC,CCATCG
272,positive,16,-19.26832389831543,VT21536|0|MEMB002E|+|2855,12,CCACCA,CCACCA,CGAAAC
273,positive,16,7.351160526275635,VT21536|0|MEMB002F|-|2522,13,TAAGCC,ccacca,CCATCG
274,positive,16,-19.26832389831543,VT21536|0|MEMB003A|-|2599,12,CCACCA,CCACCT,CGAAAC
275,positive,16,-27.123029708862305,VT21536|0|MEMB003B|-|2563,13,CCCCAC,CCACCA,CAAGAA
276,positive,16,-11.54722499847412,VT21536|0|MEMB003C|-|1995,12,TCCACC,CCACCA,ACCAAC
277,positive,16,-19.26832389831543,VT21536|0|MEMB003D|+|2522,12,CCACCA,CCACCA,CGAAAC
278,positive,16,-19.26832389831543,VT21536|0|MEMB003F|-|2830,12,CCACCA,CCACCA,CGAAAC
279,positive,16,-11.54722499847412,VT21536|0|MEMB004A|+|1898,9,tccacc,ccacca,accacc
280,positive,16,-19.26832389831543,VT21536|0|MEMB004B|+|2243,12,ccacca,ccacca,ccacca
281,positive,16,-19.26832389831543,VT21536|0|MEMB004E|+|2364,12,CCACCA,CCACCA,CGAAAC
282,positive,16,-19.26832389831543,VT21536|0|MEMB005B|+|2225,15,CCACCA,CCACCA,CGAAAC
283,positive,16,-27.05622673034668,VT21536|0|MEMB005D|+|2541,13,CGACAA,CCACCA,CGAAAC
284,positive,16,-19.26832389831543,VT21536|0|MEMB006A|-|2615,12,TCTCCA,CCACCA,CAGCAA
285,positive,16,-19.26832389831543,VT21536|0|MEMB006B|-|2510,16,ccacca,tcatct,AGAAAC
286,positive,16,-19.26832389831543,VT21536|0|MEMB006C|-|2346,15,ccacca,caacca,ccaaca
287,positive,16,-11.54722499847412,VT21536|0|MEMB007D|-|2934,12,GCATCA,CCAACA,CCCCCG
288,positive,16,-19.26832389831543,VT21536|0|MEMB008C|-|2569,12,ACACCA,CCACCT,CCACGA
289,positive,16,-19.26832389831543,VT21536|0|dkik|+|2548,13,CCACCA,CCACCA,CGAAAC
290,negative,2933,-15.875696182250975,VT21536|0|MEMB002A|-|3308,2176,CGATTT,ATTTTA,GAGAGG
291,negative,2933,-19.271282196044922,VT21536|0|MEMB002B|+|2874,2076,ATTTTT,ATTATT,AAATAT
292,negative,2933,-16.01254653930664,VT21536|0|MEMB002C|+|2047,1087,CAGTTT,TTTTAG,GTCAAT
293,negative,2933,-7.221711158752441,VT21536|0|MEMB002D|-|3694,2571,TTTTTC,AGATTT,ATCAAG
294,negative,2933,-11.750879287719727,VT21536|0|MEMB002E|+|2855,1834,AATTTC,AAGATT,AAACAA
295,negative,2933,7.351160526275635,VT21536|0|MEMB003A|-|2599,2006,TAATCT,AAAAAT,TTCAGA
296,negative,2933,-19.204477310180664,VT21536|0|MEMB003B|-|2563,2030,TTTATT,ATAAAT,CGCAGT
297,negative,2933,7.351160526275635,VT21536|0|MEMB003D|+|2522,1980,TAATCT,ACAAAT,TTCAGA
298,negative,2933,-26.992380142211914,VT21536|0|MEMB003F|-|2830,2000,CTTCTT,ATAACT,TTCGTC
299,negative,2933,-15.009613990783693,VT21536|0|MEMB004E|+|2364,1813,ATTTTC,AGACTT,TTGTAT
300,negative,2933,-11.483378410339355,VT21536|0|MEMB005D|+|2541,1956,CTATTT,ATATTA,CATCTA
301,negative,2933,-23.66359901428223,VT21536|0|MEMB006A|-|2615,1965,ACTTTT,AAATTT,TGTAGT
302,negative,2933,-11.41657543182373,VT21536|0|MEMB006B|-|2510,1992,TTAATT,ATAATT,CTTACA
303,negative,2933,-16.01254653930664,VT21536|0|MEMB007B|-|1840,1072,CAGTTT,TTTCTA,GCCAAT
304,negative,2933,-15.808893203735352,VT21536|0|MEMB007D|-|2934,2059,TGACTT,TCAGAC,ATATAT
305,negative,2933,-27.92526626586914,VT21536|0|MEMB008C|-|2569,1916,ACTGTT,ATATAT,CAGAAA
306,negative,2933,-23.66359901428223,VT21536|0|dkik|+|2548,1987,AGGTTT,ACATTC,AAAAAA
307,positive,1910,8.354093551635742,VT21536|0|MEMB003B|-|2563,1290,tTATCC,cccata,TCATAT
308,positive,1910,8.354093551635742,VT21536|0|MEMB007C|-|1531,1230,TTATCC,CCCATA,TCATAT
309,positive,1910,-3.826126098632813,VT21536|0|MEMB008C|-|2569,1073,TCCTCC,CCTATA,TCATAT
310,positive,797,-11.483378410339355,VT21536|0|MEMB002B|+|2874,637,TTTTAT,CGATTT,GGCACC
311,positive,797,-7.154907703399657,VT21536|0|MEMB002D|-|3694,698,ttatta,tagttt,tgttaa
312,positive,797,-0.4367419183254242,VT21536|0|MEMB003A|-|2599,595,TAATTT,TTACAT,GTAATT
313,positive,797,-0.4367419183254242,VT21536|0|MEMB003B|-|2563,591,TAATTT,TGGCTA,ATAAGA
314,positive,797,7.351160526275635,VT21536|0|MEMB003D|+|2522,573,TAATCT,CTTACT,GTAAGT
315,positive,797,-0.4367419183254242,VT21536|0|MEMB003F|-|2830,570,TAATTT,TGTCTT,GTGAGT
316,positive,797,-19.204477310180664,VT21536|0|MEMB004A|+|1898,618,TTTAAT,CGATTT,GGCACC
317,negative,548,3.9617764949798575,VT21536|0|MEMB002A|-|3308,480,TGATCC,CAATTT,TTTCCA
318,negative,548,-3.826126098632813,VT21536|0|MEMB002B|+|2874,460,CGATCC,CAATTT,TTTCCA
319,negative,548,-3.826126098632813,VT21536|0|MEMB002D|-|3694,475,TGATTC,GAAATT,ATTCCA
320,negative,548,3.9617764949798575,VT21536|0|MEMB002E|+|2855,467,TGATCC,AAAATT,TTTTTT
321,negative,548,-3.826126098632813,VT21536|0|MEMB002F|-|2522,475,AGATCC,CAAATT,TTTGCC
322,negative,548,3.9617764949798575,VT21536|0|MEMB003A|-|2599,440,TGATCC,AAAATA,TTTCCA
323,negative,548,3.9617764949798575,VT21536|0|MEMB003C|-|1995,484,TGATCC,CAATTT,TTTCCA
324,negative,548,3.9617764949798575,VT21536|0|MEMB003D|+|2522,440,TGATCC,AAAATT,TTTTCA
325,negative,548,11.612828254699707,VT21536|0|MEMB003F|-|2830,452,TAATCC,ATAAAT,TTTCCA
326,negative,548,-3.759322643280029,VT21536|0|MEMB004A|+|1898,459,TGAACC,CAATTT,TTTCCC
327,negative,548,3.9617764949798575,VT21536|0|MEMB004B|+|2243,471,TGATCC,AAAATT,TTTCCA
328,negative,548,3.9617764949798575,VT21536|0|MEMB004E|+|2364,456,TGATCC,AAAATT,TTTCCT
329,negative,548,3.9617764949798575,VT21536|0|MEMB005B|+|2225,467,TGATCC,AAATTT,TTTCCA
330,negative,548,3.9617764949798575,VT21536|0|MEMB005D|+|2541,467,TGATCC,AAAAAT,TTTCCA
331,negative,548,3.9617764949798575,VT21536|0|MEMB006A|-|2615,474,TGATCC,AAAAAT,TTTCCA
332,negative,548,11.612828254699707,VT21536|0|MEMB006B|-|2510,473,TAATCC,ATAATT,TTTCCC
333,negative,548,-3.826126098632813,VT21536|0|MEMB006C|-|2346,464,TGATTC,AAAATT,TTTCCA
334,negative,548,-3.826126098632813,VT21536|0|MEMB007C|-|1531,470,GGATCC,AAAATT,TTTTCC
335,negative,548,-0.29989105463027954,VT21536|0|MEMB007D|-|2934,479,TGATCT,GAAATT,TTTCCA
336,negative,548,3.9617764949798575,VT21536|0|MEMB008C|-|2569,471,TGATCC,CAAATT,TTTCCT
337,negative,548,3.9617764949798575,VT21536|0|dkik|+|2548,474,TGATCC,AAAATT,TTTCCG
338,positive,662,-3.9629769325256343,VT21536|0|MEMB002A|-|3308,558,GAATTC,AAAACC,CTTTCA
339,positive,662,-3.9629769325256343,VT21536|0|MEMB002B|+|2874,547,CAATTC,AGAACT,CATTCT
340,positive,662,-11.684076309204102,VT21536|0|MEMB002D|-|3694,563,TATTAA,AATAAA,TATATC
341,positive,662,3.824925661087036,VT21536|0|MEMB002F|-|2522,559,taatac,aaaaaa,aagaaC
342,positive,662,-19.33512687683105,VT21536|0|MEMB003A|-|2599,496,TGTTGG,AGAAGT,TATTGC
343,positive,662,-11.684076309204102,VT21536|0|MEMB003B|-|2563,529,TATTTA,AAAACT,TATTTC
344,positive,662,3.824925661087036,VT21536|0|MEMB003C|-|1995,560,TAATTC,AAAACC,CTTTCA
345,positive,662,-11.684076309204102,VT21536|0|MEMB003D|+|2522,496,TATTGG,CGAAGT,CATTCC
346,positive,662,11.612828254699707,VT21536|0|MEMB003F|-|2830,508,TAATCC,AAAAAT,CATTCC
347,positive,662,3.824925661087036,VT21536|0|MEMB004A|+|1898,533,TAATTC,ACAACT,CATTCT
348,positive,662,-11.684076309204102,VT21536|0|MEMB004B|+|2243,529,TATTTG,AAAACT,AACTTT
349,positive,662,-11.684076309204102,VT21536|0|MEMB004E|+|2364,514,TATTTA,AAAACT,TATTTA
350,positive,662,-8.224644660949707,VT21536|0|MEMB005B|+|2225,525,TATTGT,AAAACT,CATTTC
351,positive,662,-15.808893203735352,VT21536|0|MEMB006A|-|2615,530,TGAGAA,AATAAT,CATTAT
352,positive,662,-8.224644660949707,VT21536|0|MEMB006B|-|2510,530,TATTGT,AAATGT,CCTTTC
353,positive,662,-11.684076309204102,VT21536|0|MEMB006C|-|2346,522,TATTTA,AAAACT,TATTTT
354,positive,662,-3.9629769325256343,VT21536|0|MEMB007C|-|1531,508,TATTTC,AAAACT,TATTTT
355,positive,662,-19.405176162719727,VT21536|0|MEMB007D|-|2934,539,tagcta,atatat,tattCC
356,positive,662,-19.47197914123535,VT21536|0|MEMB008C|-|2569,529,AATTTA,AAAACT,TATTTC
357,positive,662,-19.33512687683105,VT21536|0|dkik|+|2548,529,TGTTGG,AGAAGT,TATTGC
358,negative,895,-8.224644660949707,VT21536|0|MEMB002A|-|3308,744,AAAGTC,GAAATA,TTCAAT
359,negative,895,-0.4367419183254242,VT21536|0|MEMB002B|+|2874,734,GAAGCC,TAAAAA,TTCAGT
360,negative,895,-19.26832389831543,VT21536|0|MEMB002D|-|3694,796,TGACAA,TTTTAT,AATTTT
361,negative,895,-19.33512687683105,VT21536|0|MEMB002F|-|2522,706,ACATAA,TTTAAT,AGTAAT
362,negative,895,-0.4367419183254242,VT21536|0|MEMB003A|-|2599,632,TAATTT,TCTTTT,TAAATT
363,negative,895,-4.698409557342528,VT21536|0|MEMB003B|-|2563,628,AAAGCT,CGTTTT,TTTGTT
364,negative,895,-8.224644660949707,VT21536|0|MEMB003C|-|1995,746,AAAGTC,TAAATA,TTCAAA
365,negative,895,-0.4367419183254242,VT21536|0|MEMB003D|+|2522,610,TAATTT,TCTTTT,TAAATT
366,negative,895,7.351160526275635,VT21536|0|MEMB003F|-|2830,607,TAATCT,TGTTTT,ATTATT
367,negative,895,-0.4367419183254242,VT21536|0|MEMB004A|+|1898,657,GAAGCC,TCCTAA,TTCAGT
368,negative,895,-20.13736343383789,VT21536|0|MEMB005D|+|2541,589,TCGGAT,TGTTTA,ATTATT
369,negative,895,-8.157840728759767,VT21536|0|MEMB006A|-|2615,590,CAAGCA,CTCTTT,ATTATT
370,negative,895,-0.4367419183254242,VT21536|0|MEMB006B|-|2510,577,TAATAT,GTGTTT,TTCATT
371,negative,895,-11.61727237701416,VT21536|0|MEMB006C|-|2346,597,TAAAAG,AGTCTT,ATTTTT
372,negative,895,3.0894930362701416,VT21536|0|MEMB007C|-|1531,574,TAAGCT,TGTTTT,TTTATT
373,negative,895,-19.405176162719727,VT21536|0|MEMB007D|-|2934,628,CAAATA,TCGTTG,ATTATT
374,negative,895,-3.896173477172852,VT21536|0|dkik|+|2548,602,TAAAAC,TTACAA,TTAATT
375,positive,993,-0.4367419183254242,VT21536|0|MEMB002A|-|3308,823,TAATAT,ACCCTT,TTAATC
376,positive,993,-0.4367419183254242,VT21536|0|MEMB002B|+|2874,813,TAATAT,ACTCCT,TAATCC
377,positive,993,-27.05622673034668,VT21536|0|MEMB002D|-|3694,894,TGGCAA,GAATTT,TCCTTT
378,positive,993,-0.4367419183254242,VT21536|0|MEMB003C|-|1995,825,TAATAT,ACCCTT,TTAATC
379,positive,993,7.351160526275635,VT21536|0|MEMB003F|-|2830,673,TAATCT,TCACTC,TAATCA
380,positive,993,-0.4367419183254242,VT21536|0|MEMB004A|+|1898,736,TAATAT,ACTCTG,TAATCC
381,positive,993,-16.01254653930664,VT21536|0|MEMB005D|+|2541,647,CAGTAT,TATTTC,TTATCG
382,positive,993,-0.4367419183254242,VT21536|0|MEMB006B|-|2510,631,TAATAT,TCCCTC,CTATTC
383,positive,993,-8.224644660949707,VT21536|0|MEMB007C|-|1531,633,CAATAT,TTACTC,TTATTC
384,positive,993,-3.6954762935638423,VT21536|0|MEMB007D|-|2934,704,TTATAT,ATTAAA,ATGGCT
385,positive,1515,-27.05622673034668,VT21536|0|MEMB002B|+|2874,1019,AGACGA,AACAAC,AAAACC
386,positive,1515,-19.405176162719727,VT21536|0|MEMB002D|-|3694,1397,AAACGA,GTATAT,AGAACC
387,positive,1515,-15.945743560791016,VT21536|0|MEMB002E|+|2855,653,GAAGGG,GAATAT,AAAACA
388,positive,1515,-30.451812744140625,VT21536|0|MEMB003A|-|2599,887,ATTCGA,TGATAT,AAAACC
389,positive,1515,-19.405176162719727,VT21536|0|MEMB003B|-|2563,925,AAACGA,GTCTAT,AAAACC
390,positive,1515,-27.05622673034668,VT21536|0|MEMB003C|-|1995,1044,AGACGA,AACAAC,AAACCC
391,positive,1515,-34.844127655029304,VT21536|0|MEMB003D|+|2522,867,AGTCGA,GGATAT,AAAACC
392,positive,1515,11.612828254699707,VT21536|0|MEMB003F|-|2830,901,TAATCC,GATGTC,AAAAAT
393,positive,1515,-27.05622673034668,VT21536|0|MEMB004A|+|1898,964,AGACGA,AACAAC,ATAACC
394,positive,1515,11.612828254699707,VT21536|0|MEMB004B|+|2243,708,TAATCC,GATGTC,GAAACA
395,positive,1515,11.612828254699707,VT21536|0|MEMB004E|+|2364,715,TAATCC,GATGTC,ATAACA
396,positive,1515,11.612828254699707,VT21536|0|MEMB005B|+|2225,703,TAATCC,GATGTC,AAAACA
397,positive,1515,-27.05622673034668,VT21536|0|MEMB005D|+|2541,858,AGAAGA,CGATAC,AAACCC
398,positive,1515,-27.05622673034668,VT21536|0|MEMB006A|-|2615,878,AGACGA,CGATAT,AAAACC
399,positive,1515,11.612828254699707,VT21536|0|MEMB006C|-|2346,839,TAATCC,AATGTC,AAAACA
400,positive,1515,-19.405176162719727,VT21536|0|MEMB007C|-|1531,865,AAACGA,GGATAT,AAAACC
401,positive,1515,11.612828254699707,VT21536|0|MEMB008C|-|2569,726,TAATCC,GATGTC,AAAACA
402,positive,1515,-34.844127655029304,VT21536|0|dkik|+|2548,869,AGTCAA,GGATAT,AAAACC
403,positive,3345,-27.92526626586914,VT21536|0|MEMB002A|-|3308,2588,GCGGGT,GGTGTG,ATAAAA
404,positive,3345,-22.66390991210937,VT21536|0|MEMB002B|+|2874,2258,TTCCGA,AAGGTA,ATTTTA
405,positive,3345,-8.224644660949707,VT21536|0|MEMB002C|+|2047,1395,AAATAT,ATTATG,TGGTGC
406,positive,3345,-11.684076309204102,VT21536|0|MEMB002D|-|3694,2868,gaaagc,acattg,tttccg
407,positive,3345,0.6329947710037231,VT21536|0|MEMB002E|+|2855,2119,ttaccc,gattta,taatga
408,positive,3345,-19.405176162719727,VT21536|0|MEMB002F|-|2522,1985,TACAAA,TGGGGC,ATAAGA
409,positive,3345,-15.875696182250975,VT21536|0|MEMB003A|-|2599,2072,ACATTT,CCGTTT,TCAAAA
410,positive,3345,-15.875696182250975,VT21536|0|MEMB003D|+|2522,2036,ACATTT,CCGTTT,TCAAAA
411,positive,3345,7.351160526275635,VT21536|0|MEMB003F|-|2830,2101,TAATCT,AAACAT,ATGTAA
412,positive,3345,-14.94281005859375,VT21536|0|MEMB005D|+|2541,2036,GTATTG,GGTTTT,ATTTCA
413,positive,3345,-14.94281005859375,VT21536|0|MEMB006A|-|2615,2083,GTATTG,GGTTCT,ATCTTA
414,positive,3345,-23.5967960357666,VT21536|0|MEMB007D|-|2934,2344,TCCCAT,AATTTT,ATTTAA
415,positive,3345,-15.875696182250975,VT21536|0|dkik|+|2548,2051,ACATTT,CCGTTT,TCAAAA
416,negative,3693,-27.123029708862305,VT21536|0|MEMB002A|-|3308,2826,CCTTAG,AAATGA,ACCTGC
417,negative,3693,-27.123029708862305,VT21536|0|MEMB002C|+|2047,1578,CCTTAG,AAACGA,ACATGC
418,negative,3693,-15.009613990783693,VT21536|0|MEMB002D|-|3694,3203,ATCTGC,ATACTC,TAATAA
419,negative,3693,-11.61727237701416,VT21536|0|MEMB002E|+|2855,2334,TAAAAA,CAAGAA,TTTCTT
420,negative,3693,7.351160526275635,VT21536|0|MEMB003F|-|2830,2375,TAAGCC,TTAATT,TTTTTT
421,negative,3693,-23.5967960357666,VT21536|0|MEMB007B|-|1840,1353,CGAGGA,AGTTCG,TTATGA
422,negative,3693,-34.844127655029304,VT21536|0|MEMB007D|-|2934,2430,CCGAAA,TGATAT,ACATAT
423,positive,428,-3.826126098632813,VT21536|0|MEMB002A|-|3308,370,TCATGC,TGTATG,TCGAAG
424,positive,428,3.9617764949798575,VT21536|0|MEMB002B|+|2874,352,TCATCC,TGTATG,TCGAAG
425,positive,428,0.5661913752555847,VT21536|0|MEMB002D|-|3694,366,TTGTCC,GTTATT,TCGAAG
426,positive,428,0.5661913752555847,VT21536|0|MEMB002E|+|2855,358,TTGTCC,TGTATG,TCGAAG
427,positive,428,0.5661913752555847,VT21536|0|MEMB002F|-|2522,365,TTGTCC,TGAATG,TCAAAG
428,positive,428,-8.087793350219728,VT21536|0|MEMB003A|-|2599,361,TCATGT,TGTATG,TCCAAG
429,positive,428,0.5661913752555847,VT21536|0|MEMB003B|-|2563,361,TTGTCC,TGTATG,TCGAAG
430,positive,428,-3.826126098632813,VT21536|0|MEMB003C|-|1995,373,TCATGC,TGTATG,TCGAAG
431,positive,428,-8.087793350219728,VT21536|0|MEMB003D|+|2522,360,TCATGT,TGTATG,TCGAAG
432,positive,428,0.5661913752555847,VT21536|0|MEMB003F|-|2830,355,TTGTCC,TGTATG,TCGAAG
433,positive,428,-3.826126098632813,VT21536|0|MEMB004A|+|1898,350,TCATAC,TGTATG,TCGAAG
434,positive,428,8.354093551635742,VT21536|0|MEMB004B|+|2243,361,TTATCC,TGTATG,TCGAAG
435,positive,428,8.354093551635742,VT21536|0|MEMB004E|+|2364,357,TTATCC,TGTATG,TCGAAG
436,positive,428,8.354093551635742,VT21536|0|MEMB005B|+|2225,358,TTATCC,TGTATG,TCGAAG
437,positive,428,-3.826126098632813,VT21536|0|MEMB005D|+|2541,357,TCCTCC,TGTATT,GCGAAG
438,positive,428,-3.826126098632813,VT21536|0|MEMB006A|-|2615,364,TCCTCC,TGTATG,GCGAAG
439,positive,428,0.5661913752555847,VT21536|0|MEMB006B|-|2510,364,TTGTCC,TGTATG,TCGAAG
440,positive,428,-11.614028930664062,VT21536|0|MEMB006C|-|2346,364,AGGTCC,TGTATG,TCGAAG
441,positive,428,0.5661913752555847,VT21536|0|MEMB007C|-|1531,361,TTGTCC,TGTATG,TCGAAG
442,positive,428,-3.826126098632813,VT21536|0|MEMB007D|-|2934,371,TCGTCC,TGTATG,TCGAAG
443,positive,428,0.5661913752555847,VT21536|0|MEMB008C|-|2569,363,TTGTCC,TGTATG,TCGAAG
444,positive,428,-8.087793350219728,VT21536|0|dkik|+|2548,364,TCATGT,TGTATG,TCCAAG
445,negative,2800,-23.733646392822266,VT21536|0|MEMB002A|-|3308,2059,GACCGT,AGCTTT,ACTCTC
446,negative,2800,-8.157840728759767,VT21536|0|MEMB002B|+|2874,2035,TAAATT,AAGCTT,ATTCCT
447,negative,2800,-15.945743560791016,VT21536|0|MEMB002C|+|2047,989,AAAAAT,TATAAA,GTTTCA
448,negative,2800,-8.157840728759767,VT21536|0|MEMB002D|-|3694,2439,TAAAAT,TAGTAT,ACCCTT
449,negative,2800,-8.157840728759767,VT21536|0|MEMB002E|+|2855,1703,TAAAAT,GAGCGT,ATCCTT
450,negative,2800,-15.945743560791016,VT21536|0|MEMB002F|-|2522,1924,CAAATT,CAGGGC,ATTCTT
451,negative,2800,-15.945743560791016,VT21536|0|MEMB003A|-|2599,1953,CAAATT,ATGTTT,ATTCTT
452,negative,2800,-11.61727237701416,VT21536|0|MEMB003B|-|2563,1989,TAAATA,AAATAT,ATTTTT
453,negative,2800,-15.945743560791016,VT21536|0|MEMB003D|+|2522,1926,CAAATT,AAGTTT,ATTCTT
454,negative,2800,-23.733646392822266,VT21536|0|MEMB003F|-|2830,1950,AAGATT,CAGTAT,ATCCTT
455,negative,2800,7.351160526275635,VT21536|0|MEMB004E|+|2364,1771,TAATCT,AAGGAG,ACTTTA
456,negative,2800,-15.945743560791016,VT21536|0|MEMB005D|+|2541,1917,AAAAAT,TAGGGA,ATGTTC
457,negative,2800,-15.945743560791016,VT21536|0|MEMB006A|-|2615,1924,AAAATT,AAGTAT,ACCCCT
458,negative,2800,-11.41657543182373,VT21536|0|MEMB006B|-|2510,1951,TTAAGT,AAATTT,CTTTTT
459,negative,2800,7.351160526275635,VT21536|0|MEMB006C|-|2346,1899,TAATCT,AAGGAG,ACTTTA
460,negative,2800,-8.224644660949707,VT21536|0|MEMB007B|-|1840,983,AAATAT,TATCAA,GTTTCC
461,negative,2800,-8.224644660949707,VT21536|0|MEMB007D|-|2934,1961,AAATGT,AAGTTG,ATTCCT
462,negative,2800,-0.4367419183254242,VT21536|0|MEMB008C|-|2569,1835,TAATAT,AAGGAG,ACTTTA
463,negative,2800,-15.945743560791016,VT21536|0|dkik|+|2548,1937,CAAATT,AAGTTT,ATTCTT
464,positive,4225,0.5661913752555847,VT21536|0|MEMB002B|+|2874,2788,ATATCC,CTTGTA,CCCGCT
465,positive,4225,0.5661913752555847,VT21536|0|MEMB002D|-|3694,3596,ATATCC,CTTGTT,GTGTCC
466,positive,4225,0.5661913752555847,VT21536|0|MEMB002E|+|2855,2757,ATATCC,CTTGTT,TTGATC
467,positive,4225,-8.087793350219728,VT21536|0|MEMB002F|-|2522,2418,AGATCT,CTTGTT,CCCCTC
468,positive,4225,-11.614028930664062,VT21536|0|MEMB003A|-|2599,2487,GCCTCC,GCTGCC,TTGGTT
469,positive,4225,-11.614028930664062,VT21536|0|MEMB003D|+|2522,2422,GCCTCC,ACTGCC,TTGGTT
470,positive,4225,0.5661913752555847,VT21536|0|MEMB003F|-|2830,2703,ATATCC,CTGGTT,TTGACC
471,positive,4225,0.5661913752555847,VT21536|0|MEMB004B|+|2243,2127,ATATCC,GCTGTT,TTGACC
472,positive,4225,8.354093551635742,VT21536|0|MEMB004E|+|2364,2252,TTATCC,GCTGTT,TTGACC
473,positive,4225,4.092426300048828,VT21536|0|MEMB005B|+|2225,2110,TTAGCC,GCTGGT,CTCACC
474,positive,4225,0.5661913752555847,VT21536|0|MEMB005D|+|2541,2447,ATAtcc,CTTGTT,ttgtac
475,positive,4225,0.5661913752555847,VT21536|0|MEMB006A|-|2615,2519,ATATCC,CTTGTT,TTGTAC
476,positive,4225,0.5661913752555847,VT21536|0|MEMB006C|-|2346,2231,ATATCC,GCTGTT,TTGACC
477,positive,4225,-3.826126098632813,VT21536|0|MEMB007D|-|2934,2814,ACATCC,CTTGTT,ATCTCT
478,positive,4225,0.5661913752555847,VT21536|0|MEMB008C|-|2569,2453,ATATCC,GCTGTT,TTGACC
479,positive,4225,-11.614028930664062,VT21536|0|dkik|+|2548,2445,GCCTCC,CCAACT,TTGGTT
480,positive,625,3.8917291164398193,VT21536|0|MEMB002A|-|3308,531,TAATCA,ACAAAA,AACGAC
481,positive,625,-8.157840728759767,VT21536|0|MEMB002B|+|2874,510,TAAAAT,ACAAAG,CAGGCA
482,positive,625,-22.66390991210937,VT21536|0|MEMB002D|-|3694,526,CTAATA,ATTTAT,TATATA
483,positive,625,-19.271282196044922,VT21536|0|MEMB002E|+|2855,505,CTTTTT,CTAATA,CTTTTC
484,positive,625,-11.61727237701416,VT21536|0|MEMB002F|-|2522,552,taaaaa,aaaaaa,ataata
485,positive,625,-3.896173477172852,VT21536|0|MEMB003B|-|2563,522,TAAAAC,ACAAAA,TTATTT
486,positive,625,-27.193077087402344,VT21536|0|MEMB003C|-|1995,535,AATCAA,ACAAAT,ACGACA
487,positive,625,-8.157840728759767,VT21536|0|MEMB004A|+|1898,510,TAAAAT,ACAAAA,CAGGCA
488,positive,625,-3.896173477172852,VT21536|0|MEMB004B|+|2243,522,TAAAAC,ACAAAG,TTATTT
489,positive,625,-3.896173477172852,VT21536|0|MEMB004E|+|2364,507,TAAAAC,AGAAAA,TTATTT
490,positive,625,-3.896173477172852,VT21536|0|MEMB005B|+|2225,518,TAAAAC,ATAAAA,TTATTG
491,positive,625,7.351160526275635,VT21536|0|MEMB005D|+|2541,517,TAATCT,GCAAAA,TCAATA
492,positive,625,-3.896173477172852,VT21536|0|MEMB006C|-|2346,515,TAAAAC,ACAAAA,TTATTT
493,positive,625,-3.896173477172852,VT21536|0|MEMB007C|-|1531,501,TAAAAC,ACAAAA,TTATTT
494,positive,625,-0.4367419183254242,VT21536|0|MEMB007D|-|2934,531,taatat,ataata,attagc
495,positive,625,-3.896173477172852,VT21536|0|MEMB008C|-|2569,522,TAAAAC,ATAAAA,TAATTT
496,positive,2763,-27.05622673034668,VT21536|0|MEMB002A|-|3308,2051,agaaag,caagta,ctacgg
497,positive,2763,-14.94281005859375,VT21536|0|MEMB002B|+|2874,2027,GTAAGC,ACTAAG,TTAATT
498,positive,2763,-7.154907703399657,VT21536|0|MEMB002C|+|2047,973,TTACAC,ACTGTA,TTAATT
499,positive,2763,-14.94281005859375,VT21536|0|MEMB002D|-|3694,2428,CTATAA,ACTGTA,TACTAA
500,positive,2763,-19.33512687683105,VT21536|0|MEMB002F|-|2522,1916,GGGCCC,ACGATT,TGAATT
501,positive,2763,-11.684076309204102,VT21536|0|MEMB003A|-|2599,1945,GAAAAC,GCTATG,ATAATT
502,positive,2763,-0.4367419183254242,VT21536|0|MEMB003B|-|2563,1981,TAATAT,CGTGTA,TTTATT
503,positive,2763,-11.684076309204102,VT21536|0|MEMB003D|+|2522,1918,GAAAAC,GCCATG,TTAATT
504,positive,2763,3.824925661087036,VT21536|0|MEMB003F|-|2830,1942,TAATAC,ACTGTA,TGAATC
505,positive,2763,-7.154907703399657,VT21536|0|MEMB004E|+|2364,1748,TTATAA,AATTTG,ATATAC
506,positive,2763,11.612828254699707,VT21536|0|MEMB005D|+|2541,1908,TAATCC,ACTGTA,CTAATT
507,positive,2763,3.824925661087036,VT21536|0|MEMB006A|-|2615,1916,TAATAC,ATTGTA,TTAATT
508,positive,2763,-15.945743560791016,VT21536|0|MEMB006B|-|2510,1943,AAAAAT,TTCCTG,TTACTT
509,positive,2763,-27.123029708862305,VT21536|0|MEMB006C|-|2346,1882,AGGTTG,ACTCTA,TACAGC
510,positive,2763,-7.154907703399657,VT21536|0|MEMB007B|-|1840,967,TTACAC,ACTGTA,TTTATT
511,positive,2763,-19.47197914123535,VT21536|0|MEMB007D|-|2934,1953,CACAAC,AAATAA,TTACAT
512,positive,2763,-15.945743560791016,VT21536|0|MEMB008C|-|2569,1798,AAAATT,AAATTA,TTCTAC
513,positive,2763,-11.684076309204102,VT21536|0|dkik|+|2548,1929,GAAAAC,GCCTTG,TTAATT
514,positive,1069,-0.4367419183254242,VT21536|0|MEMB002A|-|3308,841,TAAGAC,TTTGAT,TTCCTT
515,positive,1069,-3.6954762935638423,VT21536|0|MEMB002B|+|2874,831,TTAGAC,TTTTAC,TCCCTT
516,positive,1069,-19.271282196044922,VT21536|0|MEMB002D|-|3694,970,CTCTGT,ATTTAC,TTTCGT
517,positive,1069,-7.154907703399657,VT21536|0|MEMB002F|-|2522,802,TTAAAC,TTTTAA,TGTCTT
518,positive,1069,-3.6954762935638423,VT21536|0|MEMB003A|-|2599,715,TTAGAC,TGTTAA,TTCCTT
519,positive,1069,-7.154907703399657,VT21536|0|MEMB003B|-|2563,712,TTAAAC,TGTTAA,TTTCTT
520,positive,1069,-0.4367419183254242,VT21536|0|MEMB003C|-|1995,843,TAAGAC,TTTGAT,TTCCTT
521,positive,1069,-7.957143783569336,VT21536|0|MEMB003D|+|2522,692,TTAGAT,TGGTAA,TTCCTT
522,positive,1069,-3.896173477172852,VT21536|0|MEMB003F|-|2830,691,TAAAAC,TTTCAA,TTTCTT
523,positive,1069,-3.6954762935638423,VT21536|0|MEMB004A|+|1898,754,TTAGAC,TTTTAT,TCCCTT
524,positive,1069,-3.6954762935638423,VT21536|0|MEMB005D|+|2541,665,TTATTT,AGTCAA,CCTTAA
525,positive,1069,8.354093551635742,VT21536|0|MEMB006A|-|2615,665,TTATCC,CATTAT,TTCCTT
526,positive,1069,-11.41657543182373,VT21536|0|MEMB006B|-|2510,649,TTAGAG,TGTTAA,TTCCTT
527,positive,1069,-19.204477310180664,VT21536|0|MEMB006C|-|2346,643,TTGGAA,TGCTAT,TTCCCT
528,positive,1069,-3.6954762935638423,VT21536|0|MEMB007C|-|1531,651,TTAGAC,TGTTAA,TTTCTT
529,positive,1069,-7.221711158752441,VT21536|0|MEMB007D|-|2934,734,TTGTGC,ATTTAA,TTACAA
530,positive,1069,-11.483378410339355,VT21536|0|MEMB008C|-|2569,559,TTGGAC,TTTCGT,TTGAGA
531,positive,1069,-0.4367419183254242,VT21536|0|dkik|+|2548,688,TAAGAC,TGCTAA,TACCTT
532,positive,960,-14.876007080078125,VT21536|0|MEMB002A|-|3308,790,TTTACA,ACTGTG,GAAGAA
533,positive,960,-14.876007080078125,VT21536|0|MEMB002B|+|2874,780,TTTACA,AGTGTG,AACGGA
534,positive,960,-22.730712890625,VT21536|0|MEMB002D|-|3694,861,ATTTTA,ACTAGG,ATGACG
535,positive,960,-7.088104248046875,VT21536|0|MEMB002F|-|2522,771,TTAACA,GATGAG,AACACA
536,positive,960,-14.876007080078125,VT21536|0|MEMB003A|-|2599,684,ATAACA,AATGAG,ACGACA
537,positive,960,-7.088104248046875,VT21536|0|MEMB003B|-|2563,681,TTAACA,AATGGG,ATCAGT
538,positive,960,-14.876007080078125,VT21536|0|MEMB003C|-|1995,792,TTTACA,ACTGTG,GAAGAA
539,positive,960,-22.66390991210937,VT21536|0|MEMB003D|+|2522,662,ATAAAA,AATGAA,ACTACA
540,positive,960,-22.66390991210937,VT21536|0|MEMB003F|-|2830,660,TTTAAA,AATTAA,ATCACT
541,positive,960,-14.876007080078125,VT21536|0|MEMB004A|+|1898,703,TTTACA,ATTGTG,AACGGA
542,positive,960,-7.088104248046875,VT21536|0|MEMB005D|+|2541,634,TTAACA,AATTAA,ATATTT
543,positive,960,-7.088104248046875,VT21536|0|MEMB006A|-|2615,646,TTAACA,AATTAA,ATATCT
544,positive,960,8.354093551635742,VT21536|0|MEMB006B|-|2510,618,TTATCC,AATGGG,ATCCCT
545,positive,960,-14.876007080078125,VT21536|0|MEMB007C|-|1531,620,TTTACA,AATGGG,ATTACT
546,positive,960,-14.876007080078125,VT21536|0|MEMB007D|-|2934,671,TTAATA,ACTGAA,AAATCC
547,positive,960,-22.66390991210937,VT21536|0|dkik|+|2548,658,ATAAAA,AATGAG,CTACAC
548,negative,3842,-8.224644660949707,VT21536|0|MEMB002A|-|3308,2942,GAAGAC,GAAAGA,TGCGAA
549,negative,3842,-8.224644660949707,VT21536|0|MEMB002B|+|2874,2451,GAAGAC,GAGAGA,CGCGAA
550,negative,3842,-11.684076309204102,VT21536|0|MEMB002C|+|2047,1695,GAAAAC,GAGAAA,TGCGAA
551,negative,3842,-0.4367419183254242,VT21536|0|MEMB002D|-|3694,3321,TAAGGC,AATGAG,TACGAA
552,negative,3842,-0.4367419183254242,VT21536|0|MEMB002E|+|2855,2473,TAAGTC,AAGTTG,TACGAA
553,negative,3842,-3.6954762935638423,VT21536|0|MEMB002F|-|2522,2143,TTAGGC,TCGACG,CGGGAA
554,negative,3842,-8.157840728759767,VT21536|0|MEMB003A|-|2599,2215,TAAGTA,GGAAGT,CGTGAA
555,negative,3842,-0.4367419183254242,VT21536|0|MEMB003B|-|2563,2208,TAAGTC,AAGTGG,TAAGAA
556,negative,3842,-8.157840728759767,VT21536|0|MEMB003D|+|2522,2135,TAAGTA,GGAAGT,CGTGAA
557,negative,3842,-3.6954762935638423,VT21536|0|MEMB003F|-|2830,2425,TTAGTC,TGGAAT,CGCGAA
558,negative,3842,-8.087793350219728,VT21536|0|MEMB004B|+|2243,1857,TGAGTC,TGGTAT,CTGGAA
559,negative,3842,-3.6954762935638423,VT21536|0|MEMB004E|+|2364,1985,TTAGTC,TAGTAT,TACGAA
560,negative,3842,-3.6954762935638423,VT21536|0|MEMB005B|+|2225,1843,TTAGTC,TAGTAT,CGCGAA
561,negative,3842,-16.01254653930664,VT21536|0|MEMB005D|+|2541,2170,AATGTC,AAATCG,TTCACG
562,negative,3842,-3.6954762935638423,VT21536|0|MEMB006A|-|2615,2219,TTAGTC,AAGTCG,CACGAA
563,negative,3842,7.351160526275635,VT21536|0|MEMB006B|-|2510,2142,TAAGCC,GAAATG,TCAAGA
564,negative,3842,-3.6954762935638423,VT21536|0|MEMB006C|-|2346,1980,TTAGTC,TAATTA,CGCGAA
565,negative,3842,-8.224644660949707,VT21536|0|MEMB007B|-|1840,1480,AAAGAC,AAAAGA,CGCGAA
566,negative,3842,-19.271282196044922,VT21536|0|MEMB007D|-|2934,2533,ATTGTC,TTGAGG,CACGAA
567,negative,3842,-3.6954762935638423,VT21536|0|MEMB008C|-|2569,2186,TTAGTC,TAGTAT,CGAGAA
568,negative,3842,-8.157840728759767,VT21536|0|dkik|+|2548,2162,TAAGTA,GGAAGT,CGTGAA
569,positive,1482,-19.47197914123535,VT21536|0|MEMB002A|-|3308,1034,AATCTC,TTCTGT,AAAACC
570,positive,1482,-11.684076309204102,VT21536|0|MEMB002B|+|2874,990,AATACC,TTCCGT,AGAACC
571,positive,1482,-11.684076309204102,VT21536|0|MEMB002D|-|3694,1369,CATACC,ATCAGT,AAAATC
572,positive,1482,3.8917291164398193,VT21536|0|MEMB002E|+|2855,625,TAAACC,ATCAGT,AAAATC
573,positive,1482,-27.193077087402344,VT21536|0|MEMB002F|-|2522,930,GATATG,ATCTGT,AGAGTC
574,positive,1482,-11.61727237701416,VT21536|0|MEMB003A|-|2599,859,AAAACA,ATCTAT,AAAATC
575,positive,1482,3.8917291164398193,VT21536|0|MEMB003B|-|2563,897,TAAACC,ATCAGT,ACAATC
576,positive,1482,-19.47197914123535,VT21536|0|MEMB003C|-|1995,1015,AATCTC,TTCTGT,AAAACC
577,positive,1482,-11.684076309204102,VT21536|0|MEMB003D|+|2522,839,AATACC,ATCTGT,AAAATC
578,positive,1482,-3.896173477172852,VT21536|0|MEMB003F|-|2830,872,TATACC,ATCTCT,AGAATC
579,positive,1482,-11.684076309204102,VT21536|0|MEMB004A|+|1898,935,AATACC,TTCCGT,AGAACC
580,positive,1482,-3.896173477172852,VT21536|0|MEMB004B|+|2243,679,TATACC,ATCTCT,AGAATC
581,positive,1482,-11.61727237701416,VT21536|0|MEMB004E|+|2364,686,TATACA,ATCTCT,CGAATC
582,positive,1482,-3.896173477172852,VT21536|0|MEMB005B|+|2225,674,TATACC,ATCTCT,AGAATC
583,positive,1482,-0.4367419183254242,VT21536|0|MEMB005D|+|2541,830,TATGCC,ATCTGT,AGAATC
584,positive,1482,-11.41657543182373,VT21536|0|MEMB006A|-|2615,850,TTTGCA,ATCTGT,AGAATC
585,positive,1482,-3.896173477172852,VT21536|0|MEMB006B|-|2510,843,TATACC,ATCAGT,ACAATC
586,positive,1482,7.351160526275635,VT21536|0|MEMB006C|-|2346,810,TAAGCC,ATCTCT,AGAATC
587,positive,1482,3.8917291164398193,VT21536|0|MEMB007C|-|1531,837,TAAACC,ATCAGC,ACAATC
588,positive,1482,-19.405176162719727,VT21536|0|MEMB007D|-|2934,900,AATACA,ATCTGT,TGCCGC
589,positive,1482,-27.193077087402344,VT21536|0|MEMB008C|-|2569,697,CATATA,ATCTCC,AGAATC
590,positive,1482,-11.684076309204102,VT21536|0|dkik|+|2548,841,AATACC,ATCTGT,AAAATC
591,negative,566,-8.224644660949707,VT21536|0|MEMB002A|-|3308,498,TATTTT,ACTCCA,TCCATG
592,negative,566,-15.945743560791016,VT21536|0|MEMB002B|+|2874,478,TATCTT,ACTCCA,TTTATA
593,negative,566,-3.9629769325256343,VT21536|0|MEMB002D|-|3694,493,TATTTC,TTCCAA,TCTGTA
594,negative,566,-3.9629769325256343,VT21536|0|MEMB002E|+|2855,485,TATTTC,TGCCAA,TAAACA
595,negative,566,-11.483378410339355,VT21536|0|MEMB002F|-|2522,493,TTTTTT,TACCCA,AATTAA
596,negative,566,-11.684076309204102,VT21536|0|MEMB003A|-|2599,458,TATTAA,TGCCAT,CCTATA
597,negative,566,-11.483378410339355,VT21536|0|MEMB003B|-|2563,480,ATATTT,TTCCAA,TTTTAT
598,negative,566,-8.224644660949707,VT21536|0|MEMB003C|-|1995,502,TATTTT,ACTCCA,TCCATA
599,negative,566,-11.684076309204102,VT21536|0|MEMB003D|+|2522,458,TATTAA,TGCCAA,TCTATA
600,negative,566,3.8917291164398193,VT21536|0|MEMB003F|-|2830,470,TAATCA,TACCAA,TCTATA
601,negative,566,-8.224644660949707,VT21536|0|MEMB004A|+|1898,477,TATTTT,ACTCCA,TTTATA
602,negative,566,3.8917291164398193,VT21536|0|MEMB004B|+|2243,489,TAATCA,TAGCAA,TCTATA
603,negative,566,3.8917291164398193,VT21536|0|MEMB004E|+|2364,474,TAATCA,TACCAA,TCTATA
604,negative,566,3.8917291164398193,VT21536|0|MEMB005B|+|2225,485,TAATCA,TACCAA,TCTATA
605,negative,566,-11.54722499847412,VT21536|0|MEMB005D|+|2541,485,TGTTCA,TATCAA,CCTATA
606,negative,566,-3.896173477172852,VT21536|0|MEMB006A|-|2615,492,TATTCA,CACCAA,TCTTTA
607,negative,566,-19.271282196044922,VT21536|0|MEMB006B|-|2510,491,ATTTTT,TACCAA,CCATAT
608,negative,566,3.8917291164398193,VT21536|0|MEMB006C|-|2346,482,TAATCA,TACCAA,TCTATA
609,negative,566,-16.01254653930664,VT21536|0|MEMB007D|-|2934,497,AATTTT,CCCCCA,CTATAT
610,negative,566,11.612828254699707,VT21536|0|MEMB008C|-|2569,489,TAATCC,TACCAA,TCAATA
611,negative,566,-11.684076309204102,VT21536|0|dkik|+|2548,492,TATTAA,TGCCAA,TCTATA
612,positive,3134,-19.33512687683105,VT21536|0|MEMB002A|-|3308,2377,TGCAAC,ACAGCT,AGCAAC
613,positive,3134,-27.05622673034668,VT21536|0|MEMB002B|+|2874,2088,TCTAAa,ATATTT,gccgaa
614,positive,3134,-23.5967960357666,VT21536|0|MEMB002C|+|2047,1288,TGCATT,CAATTA,TTTGAG
615,positive,3134,-22.66390991210937,VT21536|0|MEMB002D|-|3694,2753,ttcaaa,aatttt,tttttc
616,positive,3134,-14.876007080078125,VT21536|0|MEMB002E|+|2855,2016,ttaaaa,taaatt,tttttt
617,positive,3134,-11.684076309204102,VT21536|0|MEMB003A|-|2599,2025,GAATAA,AAATCT,GTCTAA
618,positive,3134,-14.94281005859375,VT21536|0|MEMB003B|-|2563,2056,TTTTGA,AAGATT,TTATTA
619,positive,3134,-11.684076309204102,VT21536|0|MEMB003D|+|2522,1999,GAATAA,AAATCT,ATCTAA
620,positive,3134,-27.193077087402344,VT21536|0|MEMB003F|-|2830,2015,AATAAG,GAATTT,CTTTAA
621,positive,3134,-14.94281005859375,VT21536|0|MEMB004E|+|2364,1829,TTTTAA,AATTTA,GTTCAA
622,positive,3134,-11.684076309204102,VT21536|0|MEMB005D|+|2541,1969,TAGTAA,AGATGG,ATCTAA
623,positive,3134,-19.405176162719727,VT21536|0|MEMB006A|-|2615,1989,AAACAG,GAAGTT,CTTTAA
624,positive,3134,-14.94281005859375,VT21536|0|MEMB006B|-|2510,2007,TTTTGA,AAGCTT,TGTTTA
625,positive,3134,-11.54722499847412,VT21536|0|MEMB007B|-|1840,1156,TGTTCG,AATCCG,TACTAC
626,positive,3134,-11.483378410339355,VT21536|0|MEMB007D|-|2934,2226,ATATTT,AAATCG,AGTTTG
627,positive,3134,8.354093551635742,VT21536|0|MEMB008C|-|2569,2017,TTATCC,AAGCGA,AGCGGA
628,positive,3134,-15.945743560791016,VT21536|0|dkik|+|2548,2004,TATATT,TATTTT,ATCTGA
